start_time,away_team,away_team_score,home_team,home_team_score
2024-10-22 23:30:00+00:00,NEW YORK KNICKS,,BOSTON CELTICS,
2024-10-23 02:00:00+00:00,MINNESOTA TIMBERWOLVES,,LOS ANGELES LAKERS,
2024-10-23 23:00:00+00:00,INDIANA PACERS,,DETROIT PISTONS,
2024-10-23 23:30:00+00:00,BROOKLYN NETS,,ATLANTA HAWKS,
2024-10-23 23:30:00+00:00,ORLANDO MAGIC,,MIAMI HEAT,
2024-10-23 23:30:00+00:00,MILWAUKEE BUCKS,,PHILADELPHIA 76ERS,
2024-10-23 23:30:00+00:00,CLEVELAND CAVALIERS,,TORONTO RAPTORS,
2024-10-24 00:00:00+00:00,CHARLOTTE HORNETS,,HOUSTON ROCKETS,
2024-10-24 00:00:00+00:00,CHICAGO BULLS,,NEW ORLEANS PELICANS,
2024-10-24 01:00:00+00:00,MEMPHIS GRIZZLIES,,UTAH JAZZ,
2024-10-24 02:00:00+00:00,PHOENIX SUNS,,LOS ANGELES CLIPPERS,
2024-10-24 02:00:00+00:00,GOLDEN STATE WARRIORS,,PORTLAND TRAIL BLAZERS,
2024-10-24 23:00:00+00:00,BOSTON CELTICS,,WASHINGTON WIZARDS,
2024-10-24 23:30:00+00:00,SAN ANTONIO SPURS,,DALLAS MAVERICKS,
2024-10-25 02:00:00+00:00,MINNESOTA TIMBERWOLVES,,SACRAMENTO KINGS,
2024-10-25 02:00:00+00:00,OKLAHOMA CITY THUNDER,,DENVER NUGGETS,
2024-10-25 23:00:00+00:00,BROOKLYN NETS,,ORLANDO MAGIC,
2024-10-25 23:00:00+00:00,PHILADELPHIA 76ERS,,TORONTO RAPTORS,
2024-10-25 23:30:00+00:00,CHARLOTTE HORNETS,,ATLANTA HAWKS,
2024-10-25 23:30:00+00:00,DETROIT PISTONS,,CLEVELAND CAVALIERS,
2024-10-25 23:30:00+00:00,INDIANA PACERS,,NEW YORK KNICKS,
2024-10-26 00:00:00+00:00,MEMPHIS GRIZZLIES,,HOUSTON ROCKETS,
2024-10-26 00:00:00+00:00,CHICAGO BULLS,,MILWAUKEE BUCKS,
2024-10-26 01:30:00+00:00,GOLDEN STATE WARRIORS,,UTAH JAZZ,
2024-10-26 02:00:00+00:00,PHOENIX SUNS,,LOS ANGELES LAKERS,
2024-10-26 02:00:00+00:00,NEW ORLEANS PELICANS,,PORTLAND TRAIL BLAZERS,
2024-10-26 21:00:00+00:00,LOS ANGELES CLIPPERS,,DENVER NUGGETS,
2024-10-26 23:00:00+00:00,CLEVELAND CAVALIERS,,WASHINGTON WIZARDS,
2024-10-26 23:00:00+00:00,BOSTON CELTICS,,DETROIT PISTONS,
2024-10-26 23:00:00+00:00,MIAMI HEAT,,CHARLOTTE HORNETS,
2024-10-27 00:00:00+00:00,ORLANDO MAGIC,,MEMPHIS GRIZZLIES,
2024-10-27 00:00:00+00:00,TORONTO RAPTORS,,MINNESOTA TIMBERWOLVES,
2024-10-27 00:00:00+00:00,OKLAHOMA CITY THUNDER,,CHICAGO BULLS,
2024-10-27 00:30:00+00:00,HOUSTON ROCKETS,,SAN ANTONIO SPURS,
2024-10-27 02:00:00+00:00,DALLAS MAVERICKS,,PHOENIX SUNS,
2024-10-27 02:30:00+00:00,SACRAMENTO KINGS,,LOS ANGELES LAKERS,
2024-10-27 19:30:00+00:00,PHILADELPHIA 76ERS,,INDIANA PACERS,
2024-10-27 22:00:00+00:00,NEW ORLEANS PELICANS,,PORTLAND TRAIL BLAZERS,
2024-10-27 22:00:00+00:00,MILWAUKEE BUCKS,,BROOKLYN NETS,
2024-10-27 23:00:00+00:00,ATLANTA HAWKS,,OKLAHOMA CITY THUNDER,
2024-10-28 00:30:00+00:00,LOS ANGELES CLIPPERS,,GOLDEN STATE WARRIORS,
2024-10-28 23:00:00+00:00,INDIANA PACERS,,ORLANDO MAGIC,
2024-10-28 23:30:00+00:00,WASHINGTON WIZARDS,,ATLANTA HAWKS,
2024-10-28 23:30:00+00:00,MILWAUKEE BUCKS,,BOSTON CELTICS,
2024-10-28 23:30:00+00:00,DENVER NUGGETS,,TORONTO RAPTORS,
2024-10-28 23:30:00+00:00,DETROIT PISTONS,,MIAMI HEAT,
2024-10-28 23:30:00+00:00,CLEVELAND CAVALIERS,,NEW YORK KNICKS,
2024-10-29 00:00:00+00:00,HOUSTON ROCKETS,,SAN ANTONIO SPURS,
2024-10-29 00:00:00+00:00,CHICAGO BULLS,,MEMPHIS GRIZZLIES,
2024-10-29 00:30:00+00:00,UTAH JAZZ,,DALLAS MAVERICKS,
2024-10-29 02:00:00+00:00,PORTLAND TRAIL BLAZERS,,SACRAMENTO KINGS,
2024-10-29 02:00:00+00:00,LOS ANGELES LAKERS,,PHOENIX SUNS,
2024-10-29 23:30:00+00:00,DENVER NUGGETS,,BROOKLYN NETS,
2024-10-29 23:30:00+00:00,DALLAS MAVERICKS,,MINNESOTA TIMBERWOLVES,
2024-10-30 01:00:00+00:00,SACRAMENTO KINGS,,UTAH JAZZ,
2024-10-30 02:00:00+00:00,NEW ORLEANS PELICANS,,GOLDEN STATE WARRIORS,
2024-10-30 23:00:00+00:00,DETROIT PISTONS,,PHILADELPHIA 76ERS,
2024-10-30 23:00:00+00:00,ATLANTA HAWKS,,WASHINGTON WIZARDS,
2024-10-30 23:00:00+00:00,BOSTON CELTICS,,INDIANA PACERS,
2024-10-30 23:00:00+00:00,LOS ANGELES LAKERS,,CLEVELAND CAVALIERS,
2024-10-30 23:00:00+00:00,TORONTO RAPTORS,,CHARLOTTE HORNETS,
2024-10-30 23:30:00+00:00,NEW YORK KNICKS,,MIAMI HEAT,
2024-10-31 00:00:00+00:00,ORLANDO MAGIC,,CHICAGO BULLS,
2024-10-31 00:00:00+00:00,BROOKLYN NETS,,MEMPHIS GRIZZLIES,
2024-10-31 01:30:00+00:00,SAN ANTONIO SPURS,,OKLAHOMA CITY THUNDER,
2024-10-31 02:00:00+00:00,NEW ORLEANS PELICANS,,GOLDEN STATE WARRIORS,
2024-10-31 02:30:00+00:00,PORTLAND TRAIL BLAZERS,,LOS ANGELES CLIPPERS,
2024-11-01 00:00:00+00:00,MILWAUKEE BUCKS,,MEMPHIS GRIZZLIES,
2024-11-01 00:30:00+00:00,HOUSTON ROCKETS,,DALLAS MAVERICKS,
2024-11-01 01:00:00+00:00,SAN ANTONIO SPURS,,UTAH JAZZ,
2024-11-01 02:30:00+00:00,PHOENIX SUNS,,LOS ANGELES CLIPPERS,
2024-10-22 23:30:00+00:00,NEW YORK KNICKS,,BOSTON CELTICS,
2024-10-23 02:00:00+00:00,MINNESOTA TIMBERWOLVES,,LOS ANGELES LAKERS,
2024-10-23 23:00:00+00:00,INDIANA PACERS,,DETROIT PISTONS,
2024-10-23 23:30:00+00:00,BROOKLYN NETS,,ATLANTA HAWKS,
2024-10-23 23:30:00+00:00,ORLANDO MAGIC,,MIAMI HEAT,
2024-10-23 23:30:00+00:00,MILWAUKEE BUCKS,,PHILADELPHIA 76ERS,
2024-10-23 23:30:00+00:00,CLEVELAND CAVALIERS,,TORONTO RAPTORS,
2024-10-24 00:00:00+00:00,CHARLOTTE HORNETS,,HOUSTON ROCKETS,
2024-10-24 00:00:00+00:00,CHICAGO BULLS,,NEW ORLEANS PELICANS,
2024-10-24 01:00:00+00:00,MEMPHIS GRIZZLIES,,UTAH JAZZ,
2024-10-24 02:00:00+00:00,PHOENIX SUNS,,LOS ANGELES CLIPPERS,
2024-10-24 02:00:00+00:00,GOLDEN STATE WARRIORS,,PORTLAND TRAIL BLAZERS,
2024-10-24 23:00:00+00:00,BOSTON CELTICS,,WASHINGTON WIZARDS,
2024-10-24 23:30:00+00:00,SAN ANTONIO SPURS,,DALLAS MAVERICKS,
2024-10-25 02:00:00+00:00,MINNESOTA TIMBERWOLVES,,SACRAMENTO KINGS,
2024-10-25 02:00:00+00:00,OKLAHOMA CITY THUNDER,,DENVER NUGGETS,
2024-10-25 23:00:00+00:00,BROOKLYN NETS,,ORLANDO MAGIC,
2024-10-25 23:00:00+00:00,PHILADELPHIA 76ERS,,TORONTO RAPTORS,
2024-10-25 23:30:00+00:00,CHARLOTTE HORNETS,,ATLANTA HAWKS,
2024-10-25 23:30:00+00:00,DETROIT PISTONS,,CLEVELAND CAVALIERS,
2024-10-25 23:30:00+00:00,INDIANA PACERS,,NEW YORK KNICKS,
2024-10-26 00:00:00+00:00,MEMPHIS GRIZZLIES,,HOUSTON ROCKETS,
2024-10-26 00:00:00+00:00,CHICAGO BULLS,,MILWAUKEE BUCKS,
2024-10-26 01:30:00+00:00,GOLDEN STATE WARRIORS,,UTAH JAZZ,
2024-10-26 02:00:00+00:00,PHOENIX SUNS,,LOS ANGELES LAKERS,
2024-10-26 02:00:00+00:00,NEW ORLEANS PELICANS,,PORTLAND TRAIL BLAZERS,
2024-10-26 21:00:00+00:00,LOS ANGELES CLIPPERS,,DENVER NUGGETS,
2024-10-26 23:00:00+00:00,CLEVELAND CAVALIERS,,WASHINGTON WIZARDS,
2024-10-26 23:00:00+00:00,BOSTON CELTICS,,DETROIT PISTONS,
2024-10-26 23:00:00+00:00,MIAMI HEAT,,CHARLOTTE HORNETS,
2024-10-27 00:00:00+00:00,ORLANDO MAGIC,,MEMPHIS GRIZZLIES,
2024-10-27 00:00:00+00:00,TORONTO RAPTORS,,MINNESOTA TIMBERWOLVES,
2024-10-27 00:00:00+00:00,OKLAHOMA CITY THUNDER,,CHICAGO BULLS,
2024-10-27 00:30:00+00:00,HOUSTON ROCKETS,,SAN ANTONIO SPURS,
2024-10-27 02:00:00+00:00,DALLAS MAVERICKS,,PHOENIX SUNS,
2024-10-27 02:30:00+00:00,SACRAMENTO KINGS,,LOS ANGELES LAKERS,
2024-10-27 19:30:00+00:00,PHILADELPHIA 76ERS,,INDIANA PACERS,
2024-10-27 22:00:00+00:00,NEW ORLEANS PELICANS,,PORTLAND TRAIL BLAZERS,
2024-10-27 22:00:00+00:00,MILWAUKEE BUCKS,,BROOKLYN NETS,
2024-10-27 23:00:00+00:00,ATLANTA HAWKS,,OKLAHOMA CITY THUNDER,
2024-10-28 00:30:00+00:00,LOS ANGELES CLIPPERS,,GOLDEN STATE WARRIORS,
2024-10-28 23:00:00+00:00,INDIANA PACERS,,ORLANDO MAGIC,
2024-10-28 23:30:00+00:00,WASHINGTON WIZARDS,,ATLANTA HAWKS,
2024-10-28 23:30:00+00:00,MILWAUKEE BUCKS,,BOSTON CELTICS,
2024-10-28 23:30:00+00:00,DENVER NUGGETS,,TORONTO RAPTORS,
2024-10-28 23:30:00+00:00,DETROIT PISTONS,,MIAMI HEAT,
2024-10-28 23:30:00+00:00,CLEVELAND CAVALIERS,,NEW YORK KNICKS,
2024-10-29 00:00:00+00:00,HOUSTON ROCKETS,,SAN ANTONIO SPURS,
2024-10-29 00:00:00+00:00,CHICAGO BULLS,,MEMPHIS GRIZZLIES,
2024-10-29 00:30:00+00:00,UTAH JAZZ,,DALLAS MAVERICKS,
2024-10-29 02:00:00+00:00,PORTLAND TRAIL BLAZERS,,SACRAMENTO KINGS,
2024-10-29 02:00:00+00:00,LOS ANGELES LAKERS,,PHOENIX SUNS,
2024-10-29 23:30:00+00:00,DENVER NUGGETS,,BROOKLYN NETS,
2024-10-29 23:30:00+00:00,DALLAS MAVERICKS,,MINNESOTA TIMBERWOLVES,
2024-10-30 01:00:00+00:00,SACRAMENTO KINGS,,UTAH JAZZ,
2024-10-30 02:00:00+00:00,NEW ORLEANS PELICANS,,GOLDEN STATE WARRIORS,
2024-10-30 23:00:00+00:00,DETROIT PISTONS,,PHILADELPHIA 76ERS,
2024-10-30 23:00:00+00:00,ATLANTA HAWKS,,WASHINGTON WIZARDS,
2024-10-30 23:00:00+00:00,BOSTON CELTICS,,INDIANA PACERS,
2024-10-30 23:00:00+00:00,LOS ANGELES LAKERS,,CLEVELAND CAVALIERS,
2024-10-30 23:00:00+00:00,TORONTO RAPTORS,,CHARLOTTE HORNETS,
2024-10-30 23:30:00+00:00,NEW YORK KNICKS,,MIAMI HEAT,
2024-10-31 00:00:00+00:00,ORLANDO MAGIC,,CHICAGO BULLS,
2024-10-31 00:00:00+00:00,BROOKLYN NETS,,MEMPHIS GRIZZLIES,
2024-10-31 01:30:00+00:00,SAN ANTONIO SPURS,,OKLAHOMA CITY THUNDER,
2024-10-31 02:00:00+00:00,NEW ORLEANS PELICANS,,GOLDEN STATE WARRIORS,
2024-10-31 02:30:00+00:00,PORTLAND TRAIL BLAZERS,,LOS ANGELES CLIPPERS,
2024-11-01 00:00:00+00:00,MILWAUKEE BUCKS,,MEMPHIS GRIZZLIES,
2024-11-01 00:30:00+00:00,HOUSTON ROCKETS,,DALLAS MAVERICKS,
2024-11-01 01:00:00+00:00,SAN ANTONIO SPURS,,UTAH JAZZ,
2024-11-01 02:30:00+00:00,PHOENIX SUNS,,LOS ANGELES CLIPPERS,
2024-11-01 23:00:00+00:00,BOSTON CELTICS,,CHARLOTTE HORNETS,
2024-11-01 23:00:00+00:00,ORLANDO MAGIC,,CLEVELAND CAVALIERS,
2024-11-01 23:00:00+00:00,NEW YORK KNICKS,,DETROIT PISTONS,
2024-11-01 23:30:00+00:00,SACRAMENTO KINGS,,ATLANTA HAWKS,
2024-11-01 23:30:00+00:00,CHICAGO BULLS,,BROOKLYN NETS,
2024-11-01 23:30:00+00:00,LOS ANGELES LAKERS,,TORONTO RAPTORS,
2024-11-02 00:00:00+00:00,INDIANA PACERS,,NEW ORLEANS PELICANS,
2024-11-02 01:30:00+00:00,DENVER NUGGETS,,MINNESOTA TIMBERWOLVES,
2024-11-02 02:00:00+00:00,OKLAHOMA CITY THUNDER,,PORTLAND TRAIL BLAZERS,
2024-11-02 22:00:00+00:00,BOSTON CELTICS,,CHARLOTTE HORNETS,
2024-11-02 23:30:00+00:00,MEMPHIS GRIZZLIES,,PHILADELPHIA 76ERS,
2024-11-02 23:30:00+00:00,SACRAMENTO KINGS,,TORONTO RAPTORS,
2024-11-03 00:00:00+00:00,GOLDEN STATE WARRIORS,,HOUSTON ROCKETS,
2024-11-03 00:00:00+00:00,CLEVELAND CAVALIERS,,MILWAUKEE BUCKS,
2024-11-03 00:00:00+00:00,MINNESOTA TIMBERWOLVES,,SAN ANTONIO SPURS,
2024-11-03 01:30:00+00:00,MIAMI HEAT,,WASHINGTON WIZARDS,
2024-11-03 02:00:00+00:00,UTAH JAZZ,,DENVER NUGGETS,
2024-11-03 02:00:00+00:00,PORTLAND TRAIL BLAZERS,,PHOENIX SUNS,
2024-11-03 02:30:00+00:00,OKLAHOMA CITY THUNDER,,LOS ANGELES CLIPPERS,
2024-11-03 20:30:00+00:00,DETROIT PISTONS,,BROOKLYN NETS,
2024-11-04 00:00:00+00:00,ATLANTA HAWKS,,NEW ORLEANS PELICANS,
2024-11-04 00:30:00+00:00,ORLANDO MAGIC,,DALLAS MAVERICKS,
2024-11-05 00:00:00+00:00,MILWAUKEE BUCKS,,CLEVELAND CAVALIERS,
2024-11-05 00:15:00+00:00,GOLDEN STATE WARRIORS,,WASHINGTON WIZARDS,
2024-11-05 00:30:00+00:00,LOS ANGELES LAKERS,,DETROIT PISTONS,
2024-11-05 00:45:00+00:00,BOSTON CELTICS,,ATLANTA HAWKS,
2024-11-05 01:00:00+00:00,MEMPHIS GRIZZLIES,,BROOKLYN NETS,
2024-11-05 01:15:00+00:00,SACRAMENTO KINGS,,MIAMI HEAT,
2024-11-05 01:30:00+00:00,UTAH JAZZ,,CHICAGO BULLS,
2024-11-05 01:45:00+00:00,NEW YORK KNICKS,,HOUSTON ROCKETS,
2024-11-05 02:00:00+00:00,CHARLOTTE HORNETS,,MINNESOTA TIMBERWOLVES,
2024-11-05 02:15:00+00:00,ORLANDO MAGIC,,OKLAHOMA CITY THUNDER,
2024-11-05 02:30:00+00:00,PORTLAND TRAIL BLAZERS,,NEW ORLEANS PELICANS,
2024-11-05 02:45:00+00:00,INDIANA PACERS,,DALLAS MAVERICKS,
2024-11-05 03:00:00+00:00,TORONTO RAPTORS,,DENVER NUGGETS,
2024-11-05 03:15:00+00:00,PHILADELPHIA 76ERS,,PHOENIX SUNS,
2024-11-05 03:30:00+00:00,SAN ANTONIO SPURS,,LOS ANGELES CLIPPERS,
2024-11-07 00:00:00+00:00,DETROIT PISTONS,,CHARLOTTE HORNETS,
2024-11-07 00:00:00+00:00,ORLANDO MAGIC,,INDIANA PACERS,
2024-11-07 00:30:00+00:00,NEW YORK KNICKS,,ATLANTA HAWKS,
2024-11-07 00:30:00+00:00,GOLDEN STATE WARRIORS,,BOSTON CELTICS,
2024-11-07 01:00:00+00:00,SAN ANTONIO SPURS,,HOUSTON ROCKETS,
2024-11-07 01:00:00+00:00,LOS ANGELES LAKERS,,MEMPHIS GRIZZLIES,
2024-11-07 01:00:00+00:00,CLEVELAND CAVALIERS,,NEW ORLEANS PELICANS,
2024-11-07 01:30:00+00:00,CHICAGO BULLS,,DALLAS MAVERICKS,
2024-11-07 02:00:00+00:00,OKLAHOMA CITY THUNDER,,DENVER NUGGETS,
2024-11-07 02:00:00+00:00,MIAMI HEAT,,PHOENIX SUNS,
2024-11-07 03:00:00+00:00,PHILADELPHIA 76ERS,,LOS ANGELES CLIPPERS,
2024-11-07 03:00:00+00:00,TORONTO RAPTORS,,SACRAMENTO KINGS,
2024-11-08 01:00:00+00:00,MINNESOTA TIMBERWOLVES,,CHICAGO BULLS,
2024-11-08 01:00:00+00:00,UTAH JAZZ,,MILWAUKEE BUCKS,
2024-11-08 01:00:00+00:00,PORTLAND TRAIL BLAZERS,,SAN ANTONIO SPURS,
2024-11-09 00:00:00+00:00,INDIANA PACERS,,CHARLOTTE HORNETS,
2024-11-09 00:00:00+00:00,ATLANTA HAWKS,,DETROIT PISTONS,
2024-11-09 00:00:00+00:00,NEW ORLEANS PELICANS,,ORLANDO MAGIC,
2024-11-09 00:30:00+00:00,BROOKLYN NETS,,BOSTON CELTICS,
2024-11-09 00:30:00+00:00,GOLDEN STATE WARRIORS,,CLEVELAND CAVALIERS,
2024-11-09 00:30:00+00:00,PHOENIX SUNS,,DALLAS MAVERICKS,
2024-11-09 00:30:00+00:00,MILWAUKEE BUCKS,,NEW YORK KNICKS,
2024-11-09 01:00:00+00:00,WASHINGTON WIZARDS,,MEMPHIS GRIZZLIES,
2024-11-09 01:00:00+00:00,HOUSTON ROCKETS,,OKLAHOMA CITY THUNDER,
2024-11-09 02:00:00+00:00,MIAMI HEAT,,DENVER NUGGETS,
2024-11-09 02:00:00+00:00,PORTLAND TRAIL BLAZERS,,MINNESOTA TIMBERWOLVES,
2024-11-09 03:00:00+00:00,PHILADELPHIA 76ERS,,LOS ANGELES LAKERS,
2024-11-09 03:00:00+00:00,LOS ANGELES CLIPPERS,,SACRAMENTO KINGS,
2024-11-09 22:00:00+00:00,UTAH JAZZ,,SAN ANTONIO SPURS,
2024-11-10 00:30:00+00:00,CHICAGO BULLS,,ATLANTA HAWKS,
2024-11-10 00:30:00+00:00,BROOKLYN NETS,,CLEVELAND CAVALIERS,
2024-11-10 03:30:00+00:00,TORONTO RAPTORS,,LOS ANGELES CLIPPERS,
2024-11-10 20:00:00+00:00,HOUSTON ROCKETS,,DETROIT PISTONS,
2024-11-10 20:30:00+00:00,BOSTON CELTICS,,MILWAUKEE BUCKS,
2024-11-10 22:00:00+00:00,NEW YORK KNICKS,,INDIANA PACERS,
2024-11-10 23:00:00+00:00,WASHINGTON WIZARDS,,ORLANDO MAGIC,
2024-11-11 00:00:00+00:00,MIAMI HEAT,,MINNESOTA TIMBERWOLVES,
2024-11-11 00:00:00+00:00,GOLDEN STATE WARRIORS,,OKLAHOMA CITY THUNDER,
2024-11-11 00:00:00+00:00,CHARLOTTE HORNETS,,PHILADELPHIA 76ERS,
2024-11-11 01:00:00+00:00,DALLAS MAVERICKS,,DENVER NUGGETS,
2024-11-11 01:00:00+00:00,SACRAMENTO KINGS,,PHOENIX SUNS,
2024-11-11 02:00:00+00:00,MEMPHIS GRIZZLIES,,PORTLAND TRAIL BLAZERS,
2024-11-11 02:30:00+00:00,TORONTO RAPTORS,,LOS ANGELES LAKERS,
2024-11-12 01:00:00+00:00,CLEVELAND CAVALIERS,,CHICAGO BULLS,
2024-11-12 01:00:00+00:00,WASHINGTON WIZARDS,,HOUSTON ROCKETS,
2024-11-12 01:00:00+00:00,BROOKLYN NETS,,NEW ORLEANS PELICANS,
2024-11-12 01:00:00+00:00,LOS ANGELES CLIPPERS,,OKLAHOMA CITY THUNDER,
2024-11-12 01:00:00+00:00,SACRAMENTO KINGS,,SAN ANTONIO SPURS,
2024-11-13 00:00:00+00:00,ATLANTA HAWKS,,BOSTON CELTICS,
2024-11-13 00:00:00+00:00,MIAMI HEAT,,DETROIT PISTONS,
2024-11-13 00:00:00+00:00,CHARLOTTE HORNETS,,ORLANDO MAGIC,
2024-11-13 00:30:00+00:00,NEW YORK KNICKS,,PHILADELPHIA 76ERS,
2024-11-13 01:00:00+00:00,TORONTO RAPTORS,,MILWAUKEE BUCKS,
2024-11-13 02:00:00+00:00,PHOENIX SUNS,,UTAH JAZZ,
2024-11-13 03:00:00+00:00,DALLAS MAVERICKS,,GOLDEN STATE WARRIORS,
2024-11-13 03:00:00+00:00,MINNESOTA TIMBERWOLVES,,PORTLAND TRAIL BLAZERS,
2024-11-14 00:00:00+00:00,INDIANA PACERS,,ORLANDO MAGIC,
2024-11-14 00:30:00+00:00,BOSTON CELTICS,,BROOKLYN NETS,
2024-11-14 00:30:00+00:00,CHICAGO BULLS,,NEW YORK KNICKS,
2024-11-14 00:30:00+00:00,NEW ORLEANS PELICANS,,OKLAHOMA CITY THUNDER,
2024-11-14 00:30:00+00:00,CLEVELAND CAVALIERS,,PHILADELPHIA 76ERS,
2024-11-14 01:00:00+00:00,LOS ANGELES CLIPPERS,,HOUSTON ROCKETS,
2024-11-14 01:00:00+00:00,DETROIT PISTONS,,MILWAUKEE BUCKS,
2024-11-14 01:00:00+00:00,WASHINGTON WIZARDS,,SAN ANTONIO SPURS,
2024-11-14 03:00:00+00:00,MEMPHIS GRIZZLIES,,LOS ANGELES LAKERS,
2024-11-14 03:00:00+00:00,MINNESOTA TIMBERWOLVES,,PORTLAND TRAIL BLAZERS,
2024-11-14 03:00:00+00:00,PHOENIX SUNS,,SACRAMENTO KINGS,
2024-11-15 02:00:00+00:00,DALLAS MAVERICKS,,UTAH JAZZ,
2024-11-16 00:00:00+00:00,MIAMI HEAT,,INDIANA PACERS,
2024-11-16 00:00:00+00:00,PHILADELPHIA 76ERS,,ORLANDO MAGIC,
2024-11-16 00:00:00+00:00,DETROIT PISTONS,,TORONTO RAPTORS,
2024-11-16 00:30:00+00:00,WASHINGTON WIZARDS,,ATLANTA HAWKS,
2024-11-16 00:30:00+00:00,CHICAGO BULLS,,CLEVELAND CAVALIERS,
2024-11-16 00:30:00+00:00,BROOKLYN NETS,,NEW YORK KNICKS,
2024-11-16 00:30:00+00:00,LOS ANGELES LAKERS,,SAN ANTONIO SPURS,
2024-11-16 01:00:00+00:00,LOS ANGELES CLIPPERS,,HOUSTON ROCKETS,
2024-11-16 01:00:00+00:00,DENVER NUGGETS,,NEW ORLEANS PELICANS,
2024-11-16 01:00:00+00:00,PHOENIX SUNS,,OKLAHOMA CITY THUNDER,
2024-11-16 03:00:00+00:00,MEMPHIS GRIZZLIES,,GOLDEN STATE WARRIORS,
2024-11-16 03:00:00+00:00,MINNESOTA TIMBERWOLVES,,SACRAMENTO KINGS,
2024-11-16 20:00:00+00:00,MILWAUKEE BUCKS,,CHARLOTTE HORNETS,
2024-11-17 01:00:00+00:00,TORONTO RAPTORS,,BOSTON CELTICS,
2024-11-17 01:00:00+00:00,LOS ANGELES LAKERS,,NEW ORLEANS PELICANS,
2024-11-17 01:30:00+00:00,SAN ANTONIO SPURS,,DALLAS MAVERICKS,
2024-11-17 03:00:00+00:00,UTAH JAZZ,,SACRAMENTO KINGS,
2024-11-17 20:30:00+00:00,PHOENIX SUNS,,MINNESOTA TIMBERWOLVES,
2024-11-17 22:00:00+00:00,MIAMI HEAT,,INDIANA PACERS,
2024-11-17 23:00:00+00:00,CHARLOTTE HORNETS,,CLEVELAND CAVALIERS,
2024-11-17 23:00:00+00:00,DENVER NUGGETS,,MEMPHIS GRIZZLIES,
2024-11-17 23:00:00+00:00,ATLANTA HAWKS,,PORTLAND TRAIL BLAZERS,
2024-11-17 23:00:00+00:00,DETROIT PISTONS,,WASHINGTON WIZARDS,
2024-11-18 00:00:00+00:00,HOUSTON ROCKETS,,CHICAGO BULLS,
2024-11-18 00:00:00+00:00,BROOKLYN NETS,,NEW YORK KNICKS,
2024-11-18 00:00:00+00:00,DALLAS MAVERICKS,,OKLAHOMA CITY THUNDER,
2024-11-18 02:00:00+00:00,UTAH JAZZ,,LOS ANGELES CLIPPERS,
2024-11-19 00:00:00+00:00,CHICAGO BULLS,,DETROIT PISTONS,
2024-11-19 00:30:00+00:00,PHILADELPHIA 76ERS,,MIAMI HEAT,
2024-11-19 00:30:00+00:00,WASHINGTON WIZARDS,,NEW YORK KNICKS,
2024-11-19 00:30:00+00:00,INDIANA PACERS,,TORONTO RAPTORS,
2024-11-19 01:00:00+00:00,HOUSTON ROCKETS,,MILWAUKEE BUCKS,
2024-11-19 02:00:00+00:00,ORLANDO MAGIC,,PHOENIX SUNS,
2024-11-19 03:00:00+00:00,ATLANTA HAWKS,,SACRAMENTO KINGS,
2024-11-19 03:30:00+00:00,GOLDEN STATE WARRIORS,,LOS ANGELES CLIPPERS,
2024-11-20 00:00:00+00:00,CLEVELAND CAVALIERS,,BOSTON CELTICS,
2024-11-20 00:30:00+00:00,CHARLOTTE HORNETS,,BROOKLYN NETS,
2024-11-20 01:00:00+00:00,DENVER NUGGETS,,MEMPHIS GRIZZLIES,
2024-11-20 01:30:00+00:00,NEW ORLEANS PELICANS,,DALLAS MAVERICKS,
2024-11-20 02:30:00+00:00,OKLAHOMA CITY THUNDER,,SAN ANTONIO SPURS,
2024-11-20 03:30:00+00:00,UTAH JAZZ,,LOS ANGELES LAKERS,
2024-11-21 00:30:00+00:00,NEW ORLEANS PELICANS,,CLEVELAND CAVALIERS,
2024-11-21 00:30:00+00:00,CHICAGO BULLS,,MILWAUKEE BUCKS,
2024-11-21 01:00:00+00:00,INDIANA PACERS,,HOUSTON ROCKETS,
2024-11-21 01:00:00+00:00,PHILADELPHIA 76ERS,,MEMPHIS GRIZZLIES,
2024-11-21 01:00:00+00:00,PORTLAND TRAIL BLAZERS,,OKLAHOMA CITY THUNDER,
2024-11-21 03:00:00+00:00,ATLANTA HAWKS,,GOLDEN STATE WARRIORS,
2024-11-21 03:00:00+00:00,NEW YORK KNICKS,,PHOENIX SUNS,
2024-11-21 03:30:00+00:00,ORLANDO MAGIC,,LOS ANGELES CLIPPERS,
2024-11-22 00:00:00+00:00,DETROIT PISTONS,,CHARLOTTE HORNETS,
2024-11-22 00:30:00+00:00,MINNESOTA TIMBERWOLVES,,TORONTO RAPTORS,
2024-11-22 01:00:00+00:00,UTAH JAZZ,,SAN ANTONIO SPURS,
2024-11-22 03:30:00+00:00,ORLANDO MAGIC,,LOS ANGELES LAKERS,
2024-11-23 00:00:00+00:00,BROOKLYN NETS,,PHILADELPHIA 76ERS,
2024-11-23 00:00:00+00:00,BOSTON CELTICS,,WASHINGTON WIZARDS,
2024-11-23 00:30:00+00:00,INDIANA PACERS,,MILWAUKEE BUCKS,
2024-11-23 01:00:00+00:00,ATLANTA HAWKS,,CHICAGO BULLS,
2024-11-23 01:00:00+00:00,PORTLAND TRAIL BLAZERS,,HOUSTON ROCKETS,
2024-11-23 01:00:00+00:00,GOLDEN STATE WARRIORS,,NEW ORLEANS PELICANS,
2024-11-23 03:00:00+00:00,DALLAS MAVERICKS,,DENVER NUGGETS,
2024-11-23 03:30:00+00:00,SACRAMENTO KINGS,,LOS ANGELES CLIPPERS,
2024-11-23 22:00:00+00:00,NEW YORK KNICKS,,UTAH JAZZ,
2024-11-24 00:00:00+00:00,DETROIT PISTONS,,ORLANDO MAGIC,
2024-11-24 01:00:00+00:00,MEMPHIS GRIZZLIES,,CHICAGO BULLS,
2024-11-24 01:00:00+00:00,PORTLAND TRAIL BLAZERS,,HOUSTON ROCKETS,
2024-11-24 01:00:00+00:00,CHARLOTTE HORNETS,,MILWAUKEE BUCKS,
2024-11-24 01:30:00+00:00,GOLDEN STATE WARRIORS,,SAN ANTONIO SPURS,
2024-11-24 03:30:00+00:00,DENVER NUGGETS,,LOS ANGELES LAKERS,
2024-11-24 20:30:00+00:00,MINNESOTA TIMBERWOLVES,,BOSTON CELTICS,
2024-11-24 22:00:00+00:00,WASHINGTON WIZARDS,,INDIANA PACERS,
2024-11-24 23:00:00+00:00,DALLAS MAVERICKS,,MIAMI HEAT,
2024-11-24 23:00:00+00:00,LOS ANGELES CLIPPERS,,PHILADELPHIA 76ERS,
2024-11-25 00:30:00+00:00,TORONTO RAPTORS,,CLEVELAND CAVALIERS,
2024-11-25 02:00:00+00:00,BROOKLYN NETS,,SACRAMENTO KINGS,
2024-11-26 00:00:00+00:00,ORLANDO MAGIC,,CHARLOTTE HORNETS,
2024-11-26 00:00:00+00:00,TORONTO RAPTORS,,DETROIT PISTONS,
2024-11-26 00:00:00+00:00,NEW ORLEANS PELICANS,,INDIANA PACERS,
2024-11-26 00:30:00+00:00,DALLAS MAVERICKS,,ATLANTA HAWKS,
2024-11-26 00:30:00+00:00,LOS ANGELES CLIPPERS,,BOSTON CELTICS,
2024-11-26 01:00:00+00:00,PORTLAND TRAIL BLAZERS,,MEMPHIS GRIZZLIES,
2024-11-26 02:00:00+00:00,NEW YORK KNICKS,,DENVER NUGGETS,
2024-11-26 03:00:00+00:00,BROOKLYN NETS,,GOLDEN STATE WARRIORS,
2024-11-26 03:00:00+00:00,OKLAHOMA CITY THUNDER,,SACRAMENTO KINGS,
2024-11-27 00:00:00+00:00,CHICAGO BULLS,,WASHINGTON WIZARDS,
2024-11-27 00:30:00+00:00,MILWAUKEE BUCKS,,MIAMI HEAT,
2024-11-27 01:00:00+00:00,HOUSTON ROCKETS,,MINNESOTA TIMBERWOLVES,
2024-11-27 02:00:00+00:00,SAN ANTONIO SPURS,,UTAH JAZZ,
2024-11-27 03:00:00+00:00,LOS ANGELES LAKERS,,PHOENIX SUNS,
2024-11-28 00:00:00+00:00,MIAMI HEAT,,CHARLOTTE HORNETS,
2024-11-28 00:00:00+00:00,ATLANTA HAWKS,,CLEVELAND CAVALIERS,
2024-11-28 00:00:00+00:00,PORTLAND TRAIL BLAZERS,,INDIANA PACERS,
2024-11-28 00:00:00+00:00,CHICAGO BULLS,,ORLANDO MAGIC,
2024-11-28 00:00:00+00:00,HOUSTON ROCKETS,,PHILADELPHIA 76ERS,
2024-11-28 00:00:00+00:00,LOS ANGELES CLIPPERS,,WASHINGTON WIZARDS,
2024-11-28 00:30:00+00:00,NEW YORK KNICKS,,DALLAS MAVERICKS,
2024-11-28 01:00:00+00:00,DETROIT PISTONS,,MEMPHIS GRIZZLIES,
2024-11-28 01:00:00+00:00,SACRAMENTO KINGS,,MINNESOTA TIMBERWOLVES,
2024-11-28 01:00:00+00:00,TORONTO RAPTORS,,NEW ORLEANS PELICANS,
2024-11-28 01:30:00+00:00,LOS ANGELES LAKERS,,SAN ANTONIO SPURS,
2024-11-28 02:00:00+00:00,BROOKLYN NETS,,PHOENIX SUNS,
2024-11-28 02:00:00+00:00,DENVER NUGGETS,,UTAH JAZZ,
2024-11-28 03:00:00+00:00,OKLAHOMA CITY THUNDER,,GOLDEN STATE WARRIORS,
2024-11-29 17:00:00+00:00,NEW YORK KNICKS,,CHARLOTTE HORNETS,
2024-11-29 19:30:00+00:00,CLEVELAND CAVALIERS,,ATLANTA HAWKS,
2024-11-29 22:00:00+00:00,NEW ORLEANS PELICANS,,MEMPHIS GRIZZLIES,
2024-11-30 00:30:00+00:00,ORLANDO MAGIC,,BROOKLYN NETS,
2024-11-30 00:30:00+00:00,LOS ANGELES CLIPPERS,,MINNESOTA TIMBERWOLVES,
2024-11-30 01:00:00+00:00,BOSTON CELTICS,,CHICAGO BULLS,
2024-11-30 01:00:00+00:00,DETROIT PISTONS,,INDIANA PACERS,
2024-11-30 01:00:00+00:00,TORONTO RAPTORS,,MIAMI HEAT,
2024-11-30 03:00:00+00:00,OKLAHOMA CITY THUNDER,,LOS ANGELES LAKERS,
2024-11-30 03:00:00+00:00,SACRAMENTO KINGS,,PORTLAND TRAIL BLAZERS,
2024-11-30 23:00:00+00:00,ATLANTA HAWKS,,CHARLOTTE HORNETS,
2024-12-01 00:00:00+00:00,PHILADELPHIA 76ERS,,DETROIT PISTONS,
2024-12-01 01:00:00+00:00,WASHINGTON WIZARDS,,MILWAUKEE BUCKS,
2024-12-01 02:00:00+00:00,GOLDEN STATE WARRIORS,,PHOENIX SUNS,
2024-12-01 02:30:00+00:00,DALLAS MAVERICKS,,UTAH JAZZ,
2024-12-01 20:30:00+00:00,ORLANDO MAGIC,,BROOKLYN NETS,
2024-12-01 20:30:00+00:00,INDIANA PACERS,,MEMPHIS GRIZZLIES,
2024-12-01 23:00:00+00:00,BOSTON CELTICS,,CLEVELAND CAVALIERS,
2024-12-01 23:00:00+00:00,NEW ORLEANS PELICANS,,NEW YORK KNICKS,
2024-12-01 23:00:00+00:00,MIAMI HEAT,,TORONTO RAPTORS,
2024-12-02 00:00:00+00:00,OKLAHOMA CITY THUNDER,,HOUSTON ROCKETS,
2024-12-02 01:00:00+00:00,LOS ANGELES LAKERS,,UTAH JAZZ,
2024-12-02 02:00:00+00:00,DALLAS MAVERICKS,,PORTLAND TRAIL BLAZERS,
2024-12-02 02:00:00+00:00,SAN ANTONIO SPURS,,SACRAMENTO KINGS,
2024-12-02 03:00:00+00:00,DENVER NUGGETS,,LOS ANGELES CLIPPERS,
2024-12-03 00:30:00+00:00,NEW ORLEANS PELICANS,,ATLANTA HAWKS,
2024-12-03 00:30:00+00:00,MIAMI HEAT,,BOSTON CELTICS,
2024-12-03 01:00:00+00:00,BROOKLYN NETS,,CHICAGO BULLS,
2024-12-03 01:00:00+00:00,LOS ANGELES LAKERS,,MINNESOTA TIMBERWOLVES,
2024-12-04 00:00:00+00:00,PHILADELPHIA 76ERS,,CHARLOTTE HORNETS,
2024-12-04 00:00:00+00:00,WASHINGTON WIZARDS,,CLEVELAND CAVALIERS,
2024-12-04 00:00:00+00:00,MILWAUKEE BUCKS,,DETROIT PISTONS,
2024-12-04 00:30:00+00:00,ORLANDO MAGIC,,NEW YORK KNICKS,
2024-12-04 00:30:00+00:00,INDIANA PACERS,,TORONTO RAPTORS,
2024-12-04 01:00:00+00:00,UTAH JAZZ,,OKLAHOMA CITY THUNDER,
2024-12-04 01:30:00+00:00,MEMPHIS GRIZZLIES,,DALLAS MAVERICKS,
2024-12-04 02:00:00+00:00,SAN ANTONIO SPURS,,PHOENIX SUNS,
2024-12-04 03:00:00+00:00,GOLDEN STATE WARRIORS,,DENVER NUGGETS,
2024-12-04 03:00:00+00:00,HOUSTON ROCKETS,,SACRAMENTO KINGS,
2024-12-04 03:30:00+00:00,PORTLAND TRAIL BLAZERS,,LOS ANGELES CLIPPERS,
2024-12-05 00:30:00+00:00,DETROIT PISTONS,,BOSTON CELTICS,
2024-12-05 00:30:00+00:00,INDIANA PACERS,,BROOKLYN NETS,
2024-12-05 00:30:00+00:00,LOS ANGELES LAKERS,,MIAMI HEAT,
2024-12-05 00:30:00+00:00,ORLANDO MAGIC,,PHILADELPHIA 76ERS,
2024-12-05 01:00:00+00:00,ATLANTA HAWKS,,MILWAUKEE BUCKS,
2024-12-05 03:30:00+00:00,MINNESOTA TIMBERWOLVES,,LOS ANGELES CLIPPERS,
2024-12-06 00:00:00+00:00,DENVER NUGGETS,,CLEVELAND CAVALIERS,
2024-12-06 00:00:00+00:00,DALLAS MAVERICKS,,WASHINGTON WIZARDS,
2024-12-06 00:30:00+00:00,CHARLOTTE HORNETS,,NEW YORK KNICKS,
2024-12-06 00:30:00+00:00,OKLAHOMA CITY THUNDER,,TORONTO RAPTORS,
2024-12-06 01:00:00+00:00,SACRAMENTO KINGS,,MEMPHIS GRIZZLIES,
2024-12-06 01:00:00+00:00,PHOENIX SUNS,,NEW ORLEANS PELICANS,
2024-12-06 01:00:00+00:00,CHICAGO BULLS,,SAN ANTONIO SPURS,
2024-12-06 03:00:00+00:00,HOUSTON ROCKETS,,GOLDEN STATE WARRIORS,
2024-12-07 00:00:00+00:00,ORLANDO MAGIC,,PHILADELPHIA 76ERS,
2024-12-07 00:30:00+00:00,LOS ANGELES LAKERS,,ATLANTA HAWKS,
2024-12-07 00:30:00+00:00,MILWAUKEE BUCKS,,BOSTON CELTICS,
2024-12-07 01:00:00+00:00,INDIANA PACERS,,CHICAGO BULLS,
2024-12-07 01:00:00+00:00,SACRAMENTO KINGS,,SAN ANTONIO SPURS,
2024-12-07 03:00:00+00:00,MINNESOTA TIMBERWOLVES,,GOLDEN STATE WARRIORS,
2024-12-07 03:00:00+00:00,UTAH JAZZ,,PORTLAND TRAIL BLAZERS,
2024-12-07 18:00:00+00:00,CLEVELAND CAVALIERS,,CHARLOTTE HORNETS,
2024-12-08 00:00:00+00:00,OKLAHOMA CITY THUNDER,,NEW ORLEANS PELICANS,
2024-12-08 00:00:00+00:00,DENVER NUGGETS,,WASHINGTON WIZARDS,
2024-12-08 00:30:00+00:00,DETROIT PISTONS,,NEW YORK KNICKS,
2024-12-08 00:30:00+00:00,DALLAS MAVERICKS,,TORONTO RAPTORS,
2024-12-08 01:00:00+00:00,MEMPHIS GRIZZLIES,,BOSTON CELTICS,
2024-12-08 01:00:00+00:00,PHOENIX SUNS,,MIAMI HEAT,
2024-12-08 18:00:00+00:00,PHILADELPHIA 76ERS,,CHICAGO BULLS,
2024-12-08 20:30:00+00:00,MILWAUKEE BUCKS,,BROOKLYN NETS,
2024-12-08 22:00:00+00:00,CHARLOTTE HORNETS,,INDIANA PACERS,
2024-12-08 23:00:00+00:00,DENVER NUGGETS,,ATLANTA HAWKS,
2024-12-08 23:00:00+00:00,CLEVELAND CAVALIERS,,MIAMI HEAT,
2024-12-08 23:30:00+00:00,PHOENIX SUNS,,ORLANDO MAGIC,
2024-12-09 00:00:00+00:00,NEW ORLEANS PELICANS,,SAN ANTONIO SPURS,
2024-12-09 00:00:00+00:00,MEMPHIS GRIZZLIES,,WASHINGTON WIZARDS,
2024-12-09 01:30:00+00:00,MINNESOTA TIMBERWOLVES,,GOLDEN STATE WARRIORS,
2024-12-09 02:00:00+00:00,HOUSTON ROCKETS,,LOS ANGELES CLIPPERS,
2024-12-09 02:00:00+00:00,UTAH JAZZ,,SACRAMENTO KINGS,
2024-12-09 02:30:00+00:00,PORTLAND TRAIL BLAZERS,,LOS ANGELES LAKERS,
2024-12-10 00:30:00+00:00,NEW YORK KNICKS,,TORONTO RAPTORS,
2024-12-20 00:00:00+00:00,UTAH JAZZ,,DETROIT PISTONS,
2024-12-20 00:00:00+00:00,OKLAHOMA CITY THUNDER,,ORLANDO MAGIC,
2024-12-20 00:00:00+00:00,CHARLOTTE HORNETS,,WASHINGTON WIZARDS,
2024-12-20 00:30:00+00:00,CHICAGO BULLS,,BOSTON CELTICS,
2024-12-20 00:30:00+00:00,BROOKLYN NETS,,TORONTO RAPTORS,
2024-12-20 01:00:00+00:00,NEW ORLEANS PELICANS,,HOUSTON ROCKETS,
2024-12-20 01:00:00+00:00,GOLDEN STATE WARRIORS,,MEMPHIS GRIZZLIES,
2024-12-20 01:00:00+00:00,NEW YORK KNICKS,,MINNESOTA TIMBERWOLVES,
2024-12-20 01:30:00+00:00,LOS ANGELES CLIPPERS,,DALLAS MAVERICKS,
2024-12-20 02:00:00+00:00,INDIANA PACERS,,PHOENIX SUNS,
2024-12-20 02:30:00+00:00,ATLANTA HAWKS,,SAN ANTONIO SPURS,
2024-12-20 03:00:00+00:00,DENVER NUGGETS,,PORTLAND TRAIL BLAZERS,
2024-12-20 03:00:00+00:00,LOS ANGELES LAKERS,,SACRAMENTO KINGS,
2024-12-21 00:00:00+00:00,CHARLOTTE HORNETS,,PHILADELPHIA 76ERS,
2024-12-21 00:30:00+00:00,MILWAUKEE BUCKS,,CLEVELAND CAVALIERS,
2024-12-21 01:00:00+00:00,OKLAHOMA CITY THUNDER,,MIAMI HEAT,
2024-12-21 23:00:00+00:00,LOS ANGELES LAKERS,,SACRAMENTO KINGS,
2024-12-22 00:00:00+00:00,MIAMI HEAT,,ORLANDO MAGIC,
2024-12-22 00:30:00+00:00,MEMPHIS GRIZZLIES,,ATLANTA HAWKS,
2024-12-22 00:30:00+00:00,UTAH JAZZ,,BROOKLYN NETS,
2024-12-22 01:00:00+00:00,BOSTON CELTICS,,CHICAGO BULLS,
2024-12-22 01:00:00+00:00,PHILADELPHIA 76ERS,,CLEVELAND CAVALIERS,
2024-12-22 01:00:00+00:00,WASHINGTON WIZARDS,,MILWAUKEE BUCKS,
2024-12-22 01:00:00+00:00,GOLDEN STATE WARRIORS,,MINNESOTA TIMBERWOLVES,
2024-12-22 01:00:00+00:00,NEW YORK KNICKS,,NEW ORLEANS PELICANS,
2024-12-22 01:30:00+00:00,LOS ANGELES CLIPPERS,,DALLAS MAVERICKS,
2024-12-22 01:30:00+00:00,PORTLAND TRAIL BLAZERS,,SAN ANTONIO SPURS,
2024-12-22 02:00:00+00:00,DETROIT PISTONS,,PHOENIX SUNS,
2024-12-22 23:00:00+00:00,INDIANA PACERS,,SACRAMENTO KINGS,
2024-12-22 23:00:00+00:00,HOUSTON ROCKETS,,TORONTO RAPTORS,
2024-12-23 00:00:00+00:00,DENVER NUGGETS,,NEW ORLEANS PELICANS,
2024-12-24 00:00:00+00:00,HOUSTON ROCKETS,,CHARLOTTE HORNETS,
2024-12-24 00:00:00+00:00,UTAH JAZZ,,CLEVELAND CAVALIERS,
2024-12-24 00:00:00+00:00,BOSTON CELTICS,,ORLANDO MAGIC,
2024-12-24 00:00:00+00:00,SAN ANTONIO SPURS,,PHILADELPHIA 76ERS,
2024-12-24 00:30:00+00:00,MINNESOTA TIMBERWOLVES,,ATLANTA HAWKS,
2024-12-24 00:30:00+00:00,BROOKLYN NETS,,MIAMI HEAT,
2024-12-24 00:30:00+00:00,TORONTO RAPTORS,,NEW YORK KNICKS,
2024-12-24 01:00:00+00:00,MILWAUKEE BUCKS,,CHICAGO BULLS,
2024-12-24 01:00:00+00:00,LOS ANGELES CLIPPERS,,MEMPHIS GRIZZLIES,
2024-12-24 01:00:00+00:00,WASHINGTON WIZARDS,,OKLAHOMA CITY THUNDER,
2024-12-24 01:30:00+00:00,PORTLAND TRAIL BLAZERS,,DALLAS MAVERICKS,
2024-12-24 03:00:00+00:00,PHOENIX SUNS,,DENVER NUGGETS,
2024-12-24 03:00:00+00:00,INDIANA PACERS,,GOLDEN STATE WARRIORS,
2024-12-24 03:30:00+00:00,DETROIT PISTONS,,LOS ANGELES LAKERS,
2024-12-25 17:00:00+00:00,SAN ANTONIO SPURS,,NEW YORK KNICKS,
2024-12-25 19:30:00+00:00,MINNESOTA TIMBERWOLVES,,DALLAS MAVERICKS,
2024-12-25 22:00:00+00:00,PHILADELPHIA 76ERS,,BOSTON CELTICS,
2024-12-26 01:00:00+00:00,LOS ANGELES LAKERS,,GOLDEN STATE WARRIORS,
2024-12-26 03:30:00+00:00,DENVER NUGGETS,,PHOENIX SUNS,
2024-12-27 00:00:00+00:00,OKLAHOMA CITY THUNDER,,INDIANA PACERS,
2024-12-27 00:00:00+00:00,MIAMI HEAT,,ORLANDO MAGIC,
2024-12-27 00:00:00+00:00,CHARLOTTE HORNETS,,WASHINGTON WIZARDS,
2024-12-27 00:30:00+00:00,CHICAGO BULLS,,ATLANTA HAWKS,
2024-12-27 01:00:00+00:00,TORONTO RAPTORS,,MEMPHIS GRIZZLIES,
2024-12-27 01:00:00+00:00,BROOKLYN NETS,,MILWAUKEE BUCKS,
2024-12-27 01:00:00+00:00,HOUSTON ROCKETS,,NEW ORLEANS PELICANS,
2024-12-27 03:00:00+00:00,UTAH JAZZ,,PORTLAND TRAIL BLAZERS,
2024-12-27 03:00:00+00:00,DETROIT PISTONS,,SACRAMENTO KINGS,
2024-12-28 00:00:00+00:00,NEW YORK KNICKS,,ORLANDO MAGIC,
2024-12-28 00:30:00+00:00,INDIANA PACERS,,BOSTON CELTICS,
2024-12-28 00:30:00+00:00,SAN ANTONIO SPURS,,BROOKLYN NETS,
2024-12-28 01:00:00+00:00,MINNESOTA TIMBERWOLVES,,HOUSTON ROCKETS,
2024-12-28 01:00:00+00:00,MEMPHIS GRIZZLIES,,NEW ORLEANS PELICANS,
2024-12-28 02:00:00+00:00,CLEVELAND CAVALIERS,,DENVER NUGGETS,
2024-12-28 02:00:00+00:00,DALLAS MAVERICKS,,PHOENIX SUNS,
2024-12-28 03:00:00+00:00,GOLDEN STATE WARRIORS,,LOS ANGELES CLIPPERS,
2024-12-28 20:00:00+00:00,MIAMI HEAT,,ATLANTA HAWKS,
2024-12-28 23:00:00+00:00,OKLAHOMA CITY THUNDER,,CHARLOTTE HORNETS,
2024-12-29 00:00:00+00:00,NEW YORK KNICKS,,WASHINGTON WIZARDS,
2024-12-29 01:00:00+00:00,MILWAUKEE BUCKS,,CHICAGO BULLS,
2024-12-29 01:30:00+00:00,PHOENIX SUNS,,GOLDEN STATE WARRIORS,
2024-12-29 02:00:00+00:00,DETROIT PISTONS,,DENVER NUGGETS,
2024-12-29 02:30:00+00:00,PHILADELPHIA 76ERS,,UTAH JAZZ,
2024-12-29 03:00:00+00:00,DALLAS MAVERICKS,,PORTLAND TRAIL BLAZERS,
2024-12-29 03:30:00+00:00,SACRAMENTO KINGS,,LOS ANGELES LAKERS,
2024-12-29 20:30:00+00:00,BROOKLYN NETS,,ORLANDO MAGIC,
2024-12-29 23:00:00+00:00,INDIANA PACERS,,BOSTON CELTICS,
2024-12-29 23:00:00+00:00,ATLANTA HAWKS,,TORONTO RAPTORS,
2024-12-30 00:00:00+00:00,MIAMI HEAT,,HOUSTON ROCKETS,
2024-12-30 00:00:00+00:00,MEMPHIS GRIZZLIES,,OKLAHOMA CITY THUNDER,
2024-12-30 01:00:00+00:00,SAN ANTONIO SPURS,,MINNESOTA TIMBERWOLVES,
2024-12-31 00:00:00+00:00,CHICAGO BULLS,,CHARLOTTE HORNETS,
2024-12-31 00:00:00+00:00,NEW YORK KNICKS,,WASHINGTON WIZARDS,
2024-12-31 01:00:00+00:00,LOS ANGELES CLIPPERS,,NEW ORLEANS PELICANS,
2024-12-31 02:00:00+00:00,DENVER NUGGETS,,UTAH JAZZ,
2024-12-31 03:00:00+00:00,CLEVELAND CAVALIERS,,GOLDEN STATE WARRIORS,
2024-12-31 03:00:00+00:00,PHILADELPHIA 76ERS,,PORTLAND TRAIL BLAZERS,
2024-12-31 03:00:00+00:00,DALLAS MAVERICKS,,SACRAMENTO KINGS,
2024-12-31 20:00:00+00:00,TORONTO RAPTORS,,BOSTON CELTICS,
2024-12-31 20:00:00+00:00,MILWAUKEE BUCKS,,INDIANA PACERS,
2025-01-01 00:00:00+00:00,LOS ANGELES CLIPPERS,,SAN ANTONIO SPURS,
2025-01-01 01:00:00+00:00,MINNESOTA TIMBERWOLVES,,OKLAHOMA CITY THUNDER,
2025-01-01 02:00:00+00:00,CLEVELAND CAVALIERS,,LOS ANGELES LAKERS,
2025-01-01 02:00:00+00:00,MEMPHIS GRIZZLIES,,PHOENIX SUNS,
2025-01-02 00:00:00+00:00,ORLANDO MAGIC,,DETROIT PISTONS,
2025-01-02 00:00:00+00:00,CHICAGO BULLS,,WASHINGTON WIZARDS,
2025-01-02 00:30:00+00:00,NEW ORLEANS PELICANS,,MIAMI HEAT,
2025-01-02 00:30:00+00:00,UTAH JAZZ,,NEW YORK KNICKS,
2025-01-02 00:30:00+00:00,BROOKLYN NETS,,TORONTO RAPTORS,
2025-01-02 01:00:00+00:00,DALLAS MAVERICKS,,HOUSTON ROCKETS,
2025-01-02 02:00:00+00:00,ATLANTA HAWKS,,DENVER NUGGETS,
2025-01-02 03:00:00+00:00,PHILADELPHIA 76ERS,,SACRAMENTO KINGS,
2025-01-03 00:30:00+00:00,INDIANA PACERS,,MIAMI HEAT,
2025-01-03 00:30:00+00:00,BOSTON CELTICS,,MINNESOTA TIMBERWOLVES,
2025-01-03 01:00:00+00:00,BROOKLYN NETS,,MILWAUKEE BUCKS,
2025-01-03 01:00:00+00:00,LOS ANGELES CLIPPERS,,OKLAHOMA CITY THUNDER,
2025-01-03 03:00:00+00:00,PHILADELPHIA 76ERS,,GOLDEN STATE WARRIORS,
2025-01-03 03:30:00+00:00,PORTLAND TRAIL BLAZERS,,LOS ANGELES LAKERS,
2025-01-04 00:00:00+00:00,CHARLOTTE HORNETS,,DETROIT PISTONS,
2025-01-04 00:30:00+00:00,ORLANDO MAGIC,,TORONTO RAPTORS,
2025-01-04 01:00:00+00:00,BOSTON CELTICS,,HOUSTON ROCKETS,
2025-01-04 01:00:00+00:00,WASHINGTON WIZARDS,,NEW ORLEANS PELICANS,
2025-01-04 01:00:00+00:00,NEW YORK KNICKS,,OKLAHOMA CITY THUNDER,
2025-01-04 01:30:00+00:00,CLEVELAND CAVALIERS,,DALLAS MAVERICKS,
2025-01-04 02:00:00+00:00,SAN ANTONIO SPURS,,DENVER NUGGETS,
2025-01-04 03:00:00+00:00,MEMPHIS GRIZZLIES,,SACRAMENTO KINGS,
2025-01-04 03:30:00+00:00,ATLANTA HAWKS,,LOS ANGELES LAKERS,
2025-01-04 23:00:00+00:00,PHILADELPHIA 76ERS,,BROOKLYN NETS,
2025-01-05 00:00:00+00:00,MINNESOTA TIMBERWOLVES,,DETROIT PISTONS,
2025-01-05 00:00:00+00:00,PHOENIX SUNS,,INDIANA PACERS,
2025-01-05 01:00:00+00:00,NEW YORK KNICKS,,CHICAGO BULLS,
2025-01-05 01:00:00+00:00,UTAH JAZZ,,MIAMI HEAT,
2025-01-05 01:00:00+00:00,PORTLAND TRAIL BLAZERS,,MILWAUKEE BUCKS,
2025-01-05 01:00:00+00:00,DENVER NUGGETS,,SAN ANTONIO SPURS,
2025-01-05 01:30:00+00:00,MEMPHIS GRIZZLIES,,GOLDEN STATE WARRIORS,
2025-01-05 03:30:00+00:00,ATLANTA HAWKS,,LOS ANGELES CLIPPERS,
2025-01-05 20:30:00+00:00,BOSTON CELTICS,,OKLAHOMA CITY THUNDER,
2025-01-05 23:00:00+00:00,CHARLOTTE HORNETS,,CLEVELAND CAVALIERS,
2025-01-05 23:00:00+00:00,NEW ORLEANS PELICANS,,WASHINGTON WIZARDS,
2025-01-05 23:30:00+00:00,UTAH JAZZ,,ORLANDO MAGIC,
2025-01-06 00:00:00+00:00,LOS ANGELES LAKERS,,HOUSTON ROCKETS,
2025-01-06 01:30:00+00:00,SACRAMENTO KINGS,,GOLDEN STATE WARRIORS,
2025-01-07 00:00:00+00:00,PORTLAND TRAIL BLAZERS,,DETROIT PISTONS,
2025-01-07 00:00:00+00:00,PHOENIX SUNS,,PHILADELPHIA 76ERS,
2025-01-07 00:30:00+00:00,INDIANA PACERS,,BROOKLYN NETS,
2025-01-07 00:30:00+00:00,ORLANDO MAGIC,,NEW YORK KNICKS,
2025-01-07 00:30:00+00:00,MILWAUKEE BUCKS,,TORONTO RAPTORS,
2025-01-07 01:00:00+00:00,SAN ANTONIO SPURS,,CHICAGO BULLS,
2025-01-07 01:00:00+00:00,DALLAS MAVERICKS,,MEMPHIS GRIZZLIES,
2025-01-07 01:00:00+00:00,LOS ANGELES CLIPPERS,,MINNESOTA TIMBERWOLVES,
2025-01-07 03:00:00+00:00,MIAMI HEAT,,SACRAMENTO KINGS,
2025-01-08 00:00:00+00:00,PHOENIX SUNS,,CHARLOTTE HORNETS,
2025-01-08 00:00:00+00:00,HOUSTON ROCKETS,,WASHINGTON WIZARDS,
2025-01-08 00:30:00+00:00,LOS ANGELES LAKERS,,DALLAS MAVERICKS,
2025-01-08 01:00:00+00:00,MINNESOTA TIMBERWOLVES,,NEW ORLEANS PELICANS,
2025-01-08 02:00:00+00:00,ATLANTA HAWKS,,UTAH JAZZ,
2025-01-08 03:00:00+00:00,BOSTON CELTICS,,DENVER NUGGETS,
2025-01-08 03:00:00+00:00,MIAMI HEAT,,GOLDEN STATE WARRIORS,
2025-01-09 00:00:00+00:00,OKLAHOMA CITY THUNDER,,CLEVELAND CAVALIERS,
2025-01-09 00:00:00+00:00,CHICAGO BULLS,,INDIANA PACERS,
2025-01-09 00:00:00+00:00,TORONTO RAPTORS,,NEW YORK KNICKS,
2025-01-09 00:00:00+00:00,WASHINGTON WIZARDS,,PHILADELPHIA 76ERS,
2025-01-09 00:30:00+00:00,DETROIT PISTONS,,BROOKLYN NETS,
2025-01-09 01:00:00+00:00,PORTLAND TRAIL BLAZERS,,NEW ORLEANS PELICANS,
2025-01-09 02:00:00+00:00,LOS ANGELES CLIPPERS,,DENVER NUGGETS,
2025-01-09 02:30:00+00:00,SAN ANTONIO SPURS,,MILWAUKEE BUCKS,
2025-01-10 00:00:00+00:00,TORONTO RAPTORS,,CLEVELAND CAVALIERS,
2025-01-10 00:00:00+00:00,GOLDEN STATE WARRIORS,,DETROIT PISTONS,
2025-01-10 00:00:00+00:00,MINNESOTA TIMBERWOLVES,,ORLANDO MAGIC,
2025-01-10 01:00:00+00:00,HOUSTON ROCKETS,,MEMPHIS GRIZZLIES,
2025-01-10 01:30:00+00:00,PORTLAND TRAIL BLAZERS,,DALLAS MAVERICKS,
2025-01-10 02:00:00+00:00,ATLANTA HAWKS,,PHOENIX SUNS,
2025-01-10 02:00:00+00:00,MIAMI HEAT,,UTAH JAZZ,
2025-01-10 03:30:00+00:00,CHARLOTTE HORNETS,,LOS ANGELES LAKERS,
2025-01-11 00:00:00+00:00,GOLDEN STATE WARRIORS,,INDIANA PACERS,
2025-01-11 00:00:00+00:00,MILWAUKEE BUCKS,,ORLANDO MAGIC,
2025-01-11 00:00:00+00:00,NEW ORLEANS PELICANS,,PHILADELPHIA 76ERS,
2025-01-11 00:30:00+00:00,SACRAMENTO KINGS,,BOSTON CELTICS,
2025-01-11 00:30:00+00:00,OKLAHOMA CITY THUNDER,,NEW YORK KNICKS,
2025-01-11 01:00:00+00:00,WASHINGTON WIZARDS,,CHICAGO BULLS,
2025-01-11 02:00:00+00:00,BROOKLYN NETS,,DENVER NUGGETS,
2025-01-11 20:00:00+00:00,HOUSTON ROCKETS,,ATLANTA HAWKS,
2025-01-11 22:00:00+00:00,UTAH JAZZ,,PHOENIX SUNS,
2025-01-12 00:00:00+00:00,TORONTO RAPTORS,,DETROIT PISTONS,
2025-01-12 01:00:00+00:00,MEMPHIS GRIZZLIES,,MINNESOTA TIMBERWOLVES,
2025-01-12 03:00:00+00:00,MIAMI HEAT,,PORTLAND TRAIL BLAZERS,
2025-01-12 03:30:00+00:00,CHARLOTTE HORNETS,,LOS ANGELES CLIPPERS,
2025-01-12 03:30:00+00:00,SAN ANTONIO SPURS,,LOS ANGELES LAKERS,
2025-01-12 20:00:00+00:00,DENVER NUGGETS,,DALLAS MAVERICKS,
2025-01-12 20:00:00+00:00,MILWAUKEE BUCKS,,NEW YORK KNICKS,
2025-01-12 20:30:00+00:00,SACRAMENTO KINGS,,CHICAGO BULLS,
2025-01-12 23:00:00+00:00,NEW ORLEANS PELICANS,,BOSTON CELTICS,
2025-01-12 23:00:00+00:00,INDIANA PACERS,,CLEVELAND CAVALIERS,
2025-01-12 23:00:00+00:00,PHILADELPHIA 76ERS,,ORLANDO MAGIC,
2025-01-12 23:00:00+00:00,OKLAHOMA CITY THUNDER,,WASHINGTON WIZARDS,
2025-01-13 01:00:00+00:00,BROOKLYN NETS,,UTAH JAZZ,
2025-01-13 02:00:00+00:00,CHARLOTTE HORNETS,,PHOENIX SUNS,
2025-01-14 00:00:00+00:00,MINNESOTA TIMBERWOLVES,,WASHINGTON WIZARDS,
2025-01-14 00:30:00+00:00,DETROIT PISTONS,,NEW YORK KNICKS,
2025-01-14 00:30:00+00:00,GOLDEN STATE WARRIORS,,TORONTO RAPTORS,
2025-01-14 01:00:00+00:00,MEMPHIS GRIZZLIES,,HOUSTON ROCKETS,
2025-01-14 03:30:00+00:00,MIAMI HEAT,,LOS ANGELES CLIPPERS,
2025-01-14 03:30:00+00:00,SAN ANTONIO SPURS,,LOS ANGELES LAKERS,
2025-01-15 00:00:00+00:00,CLEVELAND CAVALIERS,,INDIANA PACERS,
2025-01-15 00:00:00+00:00,OKLAHOMA CITY THUNDER,,PHILADELPHIA 76ERS,
2025-01-15 00:30:00+00:00,PHOENIX SUNS,,ATLANTA HAWKS,
2025-01-15 01:00:00+00:00,NEW ORLEANS PELICANS,,CHICAGO BULLS,
2025-01-15 01:00:00+00:00,SACRAMENTO KINGS,,MILWAUKEE BUCKS,
2025-01-15 02:30:00+00:00,DENVER NUGGETS,,DALLAS MAVERICKS,
2025-01-15 03:00:00+00:00,BROOKLYN NETS,,PORTLAND TRAIL BLAZERS,
2025-01-16 00:30:00+00:00,NEW YORK KNICKS,,PHILADELPHIA 76ERS,
2025-01-16 00:30:00+00:00,BOSTON CELTICS,,TORONTO RAPTORS,
2025-01-16 01:00:00+00:00,ATLANTA HAWKS,,CHICAGO BULLS,
2025-01-16 01:00:00+00:00,ORLANDO MAGIC,,MILWAUKEE BUCKS,
2025-01-16 01:00:00+00:00,GOLDEN STATE WARRIORS,,MINNESOTA TIMBERWOLVES,
2025-01-16 01:00:00+00:00,DALLAS MAVERICKS,,NEW ORLEANS PELICANS,
2025-01-16 01:00:00+00:00,MEMPHIS GRIZZLIES,,SAN ANTONIO SPURS,
2025-01-16 02:00:00+00:00,HOUSTON ROCKETS,,DENVER NUGGETS,
2025-01-16 02:00:00+00:00,CHARLOTTE HORNETS,,UTAH JAZZ,
2025-01-16 03:00:00+00:00,MIAMI HEAT,,LOS ANGELES LAKERS,
2025-01-16 03:30:00+00:00,BROOKLYN NETS,,LOS ANGELES CLIPPERS,
2025-01-17 00:00:00+00:00,INDIANA PACERS,,DETROIT PISTONS,
2025-01-17 00:30:00+00:00,PHOENIX SUNS,,WASHINGTON WIZARDS,
2025-01-17 01:00:00+00:00,CLEVELAND CAVALIERS,,OKLAHOMA CITY THUNDER,
2025-01-17 03:00:00+00:00,LOS ANGELES CLIPPERS,,PORTLAND TRAIL BLAZERS,
2025-01-17 03:00:00+00:00,HOUSTON ROCKETS,,SACRAMENTO KINGS,
2025-01-18 00:00:00+00:00,ORLANDO MAGIC,,BOSTON CELTICS,
2025-01-18 00:30:00+00:00,MINNESOTA TIMBERWOLVES,,NEW YORK KNICKS,
2025-01-18 01:00:00+00:00,DENVER NUGGETS,,MIAMI HEAT,
2025-01-18 01:00:00+00:00,TORONTO RAPTORS,,MILWAUKEE BUCKS,
2025-01-18 01:00:00+00:00,UTAH JAZZ,,NEW ORLEANS PELICANS,
2025-01-18 01:00:00+00:00,MEMPHIS GRIZZLIES,,SAN ANTONIO SPURS,
2025-01-18 01:30:00+00:00,OKLAHOMA CITY THUNDER,,DALLAS MAVERICKS,
2025-01-18 02:30:00+00:00,CHARLOTTE HORNETS,,CHICAGO BULLS,
2025-01-18 03:30:00+00:00,BROOKLYN NETS,,LOS ANGELES LAKERS,
2025-01-18 22:00:00+00:00,PHOENIX SUNS,,DETROIT PISTONS,
2025-01-19 00:00:00+00:00,ATLANTA HAWKS,,BOSTON CELTICS,
2025-01-19 00:00:00+00:00,PHILADELPHIA 76ERS,,INDIANA PACERS,
2025-01-19 01:30:00+00:00,WASHINGTON WIZARDS,,GOLDEN STATE WARRIORS,
2025-01-19 02:00:00+00:00,CLEVELAND CAVALIERS,,MINNESOTA TIMBERWOLVES,
2025-01-19 03:00:00+00:00,HOUSTON ROCKETS,,PORTLAND TRAIL BLAZERS,
2025-01-19 20:00:00+00:00,SAN ANTONIO SPURS,,MIAMI HEAT,
2025-01-19 23:00:00+00:00,DENVER NUGGETS,,ORLANDO MAGIC,
2025-01-20 00:00:00+00:00,PHILADELPHIA 76ERS,,MILWAUKEE BUCKS,
2025-01-20 00:00:00+00:00,BROOKLYN NETS,,OKLAHOMA CITY THUNDER,
2025-01-20 02:00:00+00:00,LOS ANGELES LAKERS,,LOS ANGELES CLIPPERS,
2025-01-20 02:00:00+00:00,CHICAGO BULLS,,PORTLAND TRAIL BLAZERS,
2025-01-20 02:00:00+00:00,WASHINGTON WIZARDS,,SACRAMENTO KINGS,
2025-01-20 17:00:00+00:00,DALLAS MAVERICKS,,CHARLOTTE HORNETS,
2025-01-20 19:00:00+00:00,DETROIT PISTONS,,HOUSTON ROCKETS,
2025-01-20 19:30:00+00:00,MINNESOTA TIMBERWOLVES,,MEMPHIS GRIZZLIES,
2025-01-20 20:00:00+00:00,ATLANTA HAWKS,,NEW YORK KNICKS,
2025-01-20 20:30:00+00:00,PHOENIX SUNS,,CLEVELAND CAVALIERS,
2025-01-20 22:00:00+00:00,BOSTON CELTICS,,GOLDEN STATE WARRIORS,
2025-01-21 01:00:00+00:00,UTAH JAZZ,,NEW ORLEANS PELICANS,
2025-01-22 00:30:00+00:00,NEW YORK KNICKS,,BROOKLYN NETS,
2025-01-22 00:30:00+00:00,PORTLAND TRAIL BLAZERS,,MIAMI HEAT,
2025-01-22 00:30:00+00:00,ORLANDO MAGIC,,TORONTO RAPTORS,
2025-01-22 03:00:00+00:00,PHILADELPHIA 76ERS,,DENVER NUGGETS,
2025-01-22 03:30:00+00:00,CHICAGO BULLS,,LOS ANGELES CLIPPERS,
2025-01-22 03:30:00+00:00,WASHINGTON WIZARDS,,LOS ANGELES LAKERS,
2025-01-23 00:30:00+00:00,DETROIT PISTONS,,ATLANTA HAWKS,
2025-01-23 00:30:00+00:00,PHOENIX SUNS,,BROOKLYN NETS,
2025-01-23 00:30:00+00:00,MINNESOTA TIMBERWOLVES,,DALLAS MAVERICKS,
2025-01-23 01:00:00+00:00,CLEVELAND CAVALIERS,,HOUSTON ROCKETS,
2025-01-23 01:00:00+00:00,CHARLOTTE HORNETS,,MEMPHIS GRIZZLIES,
2025-01-23 01:00:00+00:00,MILWAUKEE BUCKS,,NEW ORLEANS PELICANS,
2025-01-23 01:00:00+00:00,UTAH JAZZ,,OKLAHOMA CITY THUNDER,
2025-01-23 03:00:00+00:00,GOLDEN STATE WARRIORS,,SACRAMENTO KINGS,
2025-01-23 03:30:00+00:00,BOSTON CELTICS,,LOS ANGELES CLIPPERS,
2025-01-23 19:00:00+00:00,SAN ANTONIO SPURS,,INDIANA PACERS,
2025-01-24 00:00:00+00:00,PORTLAND TRAIL BLAZERS,,ORLANDO MAGIC,
2025-01-24 00:30:00+00:00,TORONTO RAPTORS,,ATLANTA HAWKS,
2025-01-24 00:30:00+00:00,MIAMI HEAT,,MILWAUKEE BUCKS,
2025-01-24 01:00:00+00:00,DALLAS MAVERICKS,,OKLAHOMA CITY THUNDER,
2025-01-24 02:00:00+00:00,SACRAMENTO KINGS,,DENVER NUGGETS,
2025-01-24 02:00:00+00:00,WASHINGTON WIZARDS,,UTAH JAZZ,
2025-01-24 03:00:00+00:00,CHICAGO BULLS,,GOLDEN STATE WARRIORS,
2025-01-24 03:00:00+00:00,BOSTON CELTICS,,LOS ANGELES LAKERS,
2025-01-25 00:00:00+00:00,PORTLAND TRAIL BLAZERS,,CHARLOTTE HORNETS,
2025-01-25 00:00:00+00:00,CLEVELAND CAVALIERS,,PHILADELPHIA 76ERS,
2025-01-25 01:00:00+00:00,NEW ORLEANS PELICANS,,MEMPHIS GRIZZLIES,
2025-01-25 17:00:00+00:00,INDIANA PACERS,,SAN ANTONIO SPURS,
2025-01-25 20:00:00+00:00,DENVER NUGGETS,,MINNESOTA TIMBERWOLVES,
2025-01-25 22:30:00+00:00,BOSTON CELTICS,,DALLAS MAVERICKS,
2025-01-25 23:00:00+00:00,MIAMI HEAT,,BROOKLYN NETS,
2025-01-26 00:00:00+00:00,NEW ORLEANS PELICANS,,CHARLOTTE HORNETS,
2025-01-26 00:00:00+00:00,DETROIT PISTONS,,ORLANDO MAGIC,
2025-01-26 00:30:00+00:00,TORONTO RAPTORS,,ATLANTA HAWKS,
2025-01-26 00:30:00+00:00,HOUSTON ROCKETS,,CLEVELAND CAVALIERS,
2025-01-26 00:30:00+00:00,SACRAMENTO KINGS,,NEW YORK KNICKS,
2025-01-26 01:00:00+00:00,PHILADELPHIA 76ERS,,CHICAGO BULLS,
2025-01-26 01:00:00+00:00,UTAH JAZZ,,MEMPHIS GRIZZLIES,
2025-01-26 01:30:00+00:00,LOS ANGELES LAKERS,,GOLDEN STATE WARRIORS,
2025-01-26 02:00:00+00:00,WASHINGTON WIZARDS,,PHOENIX SUNS,
2025-01-26 03:30:00+00:00,MILWAUKEE BUCKS,,LOS ANGELES CLIPPERS,
2025-01-26 23:00:00+00:00,OKLAHOMA CITY THUNDER,,PORTLAND TRAIL BLAZERS,
2025-01-28 00:00:00+00:00,LOS ANGELES LAKERS,,CHARLOTTE HORNETS,
2025-01-28 00:00:00+00:00,DETROIT PISTONS,,CLEVELAND CAVALIERS,
2025-01-28 00:30:00+00:00,HOUSTON ROCKETS,,BOSTON CELTICS,
2025-01-28 00:30:00+00:00,SACRAMENTO KINGS,,BROOKLYN NETS,
2025-01-28 00:30:00+00:00,ORLANDO MAGIC,,MIAMI HEAT,
2025-01-28 00:30:00+00:00,MEMPHIS GRIZZLIES,,NEW YORK KNICKS,
2025-01-28 00:30:00+00:00,NEW ORLEANS PELICANS,,TORONTO RAPTORS,
2025-01-28 01:00:00+00:00,DENVER NUGGETS,,CHICAGO BULLS,
2025-01-28 01:00:00+00:00,ATLANTA HAWKS,,MINNESOTA TIMBERWOLVES,
2025-01-28 01:30:00+00:00,WASHINGTON WIZARDS,,DALLAS MAVERICKS,
2025-01-28 02:00:00+00:00,MILWAUKEE BUCKS,,UTAH JAZZ,
2025-01-28 02:30:00+00:00,LOS ANGELES CLIPPERS,,PHOENIX SUNS,
2025-01-29 00:30:00+00:00,LOS ANGELES LAKERS,,PHILADELPHIA 76ERS,
2025-01-29 03:00:00+00:00,UTAH JAZZ,,GOLDEN STATE WARRIORS,
2025-01-29 03:00:00+00:00,MILWAUKEE BUCKS,,PORTLAND TRAIL BLAZERS,
2025-01-30 00:00:00+00:00,BROOKLYN NETS,,CHARLOTTE HORNETS,
2025-01-30 00:00:00+00:00,DETROIT PISTONS,,INDIANA PACERS,
2025-01-30 00:00:00+00:00,TORONTO RAPTORS,,WASHINGTON WIZARDS,
2025-01-30 00:30:00+00:00,CHICAGO BULLS,,BOSTON CELTICS,
2025-01-30 00:30:00+00:00,CLEVELAND CAVALIERS,,MIAMI HEAT,
2025-01-30 00:30:00+00:00,DENVER NUGGETS,,NEW YORK KNICKS,
2025-01-30 00:30:00+00:00,SACRAMENTO KINGS,,PHILADELPHIA 76ERS,
2025-01-30 01:00:00+00:00,DALLAS MAVERICKS,,NEW ORLEANS PELICANS,
2025-01-30 01:00:00+00:00,LOS ANGELES CLIPPERS,,SAN ANTONIO SPURS,
2025-01-30 02:00:00+00:00,MINNESOTA TIMBERWOLVES,,PHOENIX SUNS,
2025-01-30 03:00:00+00:00,OKLAHOMA CITY THUNDER,,GOLDEN STATE WARRIORS,
2025-01-31 00:00:00+00:00,LOS ANGELES LAKERS,,WASHINGTON WIZARDS,
2025-01-31 00:30:00+00:00,ATLANTA HAWKS,,CLEVELAND CAVALIERS,
2025-01-31 00:30:00+00:00,HOUSTON ROCKETS,,MEMPHIS GRIZZLIES,
2025-01-31 03:00:00+00:00,ORLANDO MAGIC,,PORTLAND TRAIL BLAZERS,
2025-01-31 03:00:00+00:00,MINNESOTA TIMBERWOLVES,,UTAH JAZZ,
2025-02-01 00:00:00+00:00,LOS ANGELES CLIPPERS,,CHARLOTTE HORNETS,
2025-02-01 00:00:00+00:00,DALLAS MAVERICKS,,DETROIT PISTONS,
2025-02-01 00:30:00+00:00,DENVER NUGGETS,,PHILADELPHIA 76ERS,
2025-02-01 00:30:00+00:00,CHICAGO BULLS,,TORONTO RAPTORS,
2025-02-01 01:00:00+00:00,BOSTON CELTICS,,NEW ORLEANS PELICANS,
2025-02-01 01:00:00+00:00,MILWAUKEE BUCKS,,SAN ANTONIO SPURS,
2025-02-01 03:00:00+00:00,PHOENIX SUNS,,GOLDEN STATE WARRIORS,
2025-02-01 22:00:00+00:00,ATLANTA HAWKS,,INDIANA PACERS,
2025-02-01 22:00:00+00:00,ORLANDO MAGIC,,UTAH JAZZ,
2025-02-02 00:00:00+00:00,DENVER NUGGETS,,CHARLOTTE HORNETS,
2025-02-02 01:00:00+00:00,BROOKLYN NETS,,HOUSTON ROCKETS,
2025-02-02 01:00:00+00:00,WASHINGTON WIZARDS,,MINNESOTA TIMBERWOLVES,
2025-02-02 01:00:00+00:00,SACRAMENTO KINGS,,OKLAHOMA CITY THUNDER,
2025-02-02 01:30:00+00:00,LOS ANGELES LAKERS,,NEW YORK KNICKS,
2025-02-02 01:30:00+00:00,MIAMI HEAT,,SAN ANTONIO SPURS,
2025-02-02 03:00:00+00:00,PHOENIX SUNS,,PORTLAND TRAIL BLAZERS,
2025-02-02 20:00:00+00:00,CHICAGO BULLS,,DETROIT PISTONS,
2025-02-02 20:30:00+00:00,DALLAS MAVERICKS,,CLEVELAND CAVALIERS,
2025-02-02 20:30:00+00:00,LOS ANGELES CLIPPERS,,TORONTO RAPTORS,
2025-02-02 23:00:00+00:00,BOSTON CELTICS,,PHILADELPHIA 76ERS,
2025-02-03 01:30:00+00:00,MEMPHIS GRIZZLIES,,MILWAUKEE BUCKS,
2025-02-04 00:00:00+00:00,WASHINGTON WIZARDS,,CHARLOTTE HORNETS,
2025-02-04 00:00:00+00:00,ATLANTA HAWKS,,DETROIT PISTONS,
2025-02-04 00:30:00+00:00,HOUSTON ROCKETS,,NEW YORK KNICKS,
2025-02-04 01:00:00+00:00,SAN ANTONIO SPURS,,MEMPHIS GRIZZLIES,
2025-02-04 01:00:00+00:00,SACRAMENTO KINGS,,MINNESOTA TIMBERWOLVES,
2025-02-04 01:00:00+00:00,MILWAUKEE BUCKS,,OKLAHOMA CITY THUNDER,
2025-02-04 02:00:00+00:00,NEW ORLEANS PELICANS,,DENVER NUGGETS,
2025-02-04 02:00:00+00:00,INDIANA PACERS,,UTAH JAZZ,
2025-02-04 03:00:00+00:00,ORLANDO MAGIC,,GOLDEN STATE WARRIORS,
2025-02-04 03:00:00+00:00,PHOENIX SUNS,,PORTLAND TRAIL BLAZERS,
2025-02-05 00:00:00+00:00,BOSTON CELTICS,,CLEVELAND CAVALIERS,
2025-02-05 00:30:00+00:00,HOUSTON ROCKETS,,BROOKLYN NETS,
2025-02-05 00:30:00+00:00,DALLAS MAVERICKS,,PHILADELPHIA 76ERS,
2025-02-05 00:30:00+00:00,NEW YORK KNICKS,,TORONTO RAPTORS,
2025-02-05 01:00:00+00:00,MIAMI HEAT,,CHICAGO BULLS,
2025-02-05 03:00:00+00:00,LOS ANGELES LAKERS,,LOS ANGELES CLIPPERS,
2025-02-05 03:00:00+00:00,INDIANA PACERS,,PORTLAND TRAIL BLAZERS,
2025-02-06 00:00:00+00:00,MILWAUKEE BUCKS,,CHARLOTTE HORNETS,
2025-02-06 00:00:00+00:00,CLEVELAND CAVALIERS,,DETROIT PISTONS,
2025-02-06 00:30:00+00:00,SAN ANTONIO SPURS,,ATLANTA HAWKS,
2025-02-06 00:30:00+00:00,WASHINGTON WIZARDS,,BROOKLYN NETS,
2025-02-06 00:30:00+00:00,MIAMI HEAT,,PHILADELPHIA 76ERS,
2025-02-06 00:30:00+00:00,MEMPHIS GRIZZLIES,,TORONTO RAPTORS,
2025-02-06 01:00:00+00:00,CHICAGO BULLS,,MINNESOTA TIMBERWOLVES,
2025-02-06 01:00:00+00:00,PHOENIX SUNS,,OKLAHOMA CITY THUNDER,
2025-02-06 02:00:00+00:00,GOLDEN STATE WARRIORS,,UTAH JAZZ,
2025-02-06 03:00:00+00:00,NEW ORLEANS PELICANS,,DENVER NUGGETS,
2025-02-06 03:00:00+00:00,ORLANDO MAGIC,,SACRAMENTO KINGS,
2025-02-07 00:30:00+00:00,DALLAS MAVERICKS,,BOSTON CELTICS,
2025-02-07 01:00:00+00:00,HOUSTON ROCKETS,,MINNESOTA TIMBERWOLVES,
2025-02-07 02:00:00+00:00,ORLANDO MAGIC,,DENVER NUGGETS,
2025-02-07 03:00:00+00:00,GOLDEN STATE WARRIORS,,LOS ANGELES LAKERS,
2025-02-07 03:00:00+00:00,SACRAMENTO KINGS,,PORTLAND TRAIL BLAZERS,
2025-02-07 03:30:00+00:00,INDIANA PACERS,,LOS ANGELES CLIPPERS,
2025-02-08 00:00:00+00:00,SAN ANTONIO SPURS,,CHARLOTTE HORNETS,
2025-02-08 00:00:00+00:00,CLEVELAND CAVALIERS,,WASHINGTON WIZARDS,
2025-02-08 00:30:00+00:00,MILWAUKEE BUCKS,,ATLANTA HAWKS,
2025-02-08 00:30:00+00:00,MIAMI HEAT,,BROOKLYN NETS,
2025-02-08 00:30:00+00:00,PHILADELPHIA 76ERS,,DETROIT PISTONS,
2025-02-08 01:00:00+00:00,TORONTO RAPTORS,,OKLAHOMA CITY THUNDER,
2025-02-08 03:00:00+00:00,UTAH JAZZ,,PHOENIX SUNS,
2025-02-08 20:00:00+00:00,HOUSTON ROCKETS,,DALLAS MAVERICKS,
2025-02-08 21:00:00+00:00,INDIANA PACERS,,LOS ANGELES LAKERS,
2025-02-09 00:00:00+00:00,SAN ANTONIO SPURS,,ORLANDO MAGIC,
2025-02-09 00:00:00+00:00,ATLANTA HAWKS,,WASHINGTON WIZARDS,
2025-02-09 01:00:00+00:00,GOLDEN STATE WARRIORS,,CHICAGO BULLS,
2025-02-09 01:00:00+00:00,OKLAHOMA CITY THUNDER,,MEMPHIS GRIZZLIES,
2025-02-09 01:00:00+00:00,PORTLAND TRAIL BLAZERS,,MINNESOTA TIMBERWOLVES,
2025-02-09 01:30:00+00:00,BOSTON CELTICS,,NEW YORK KNICKS,
2025-02-09 02:00:00+00:00,DENVER NUGGETS,,PHOENIX SUNS,
2025-02-09 03:00:00+00:00,NEW ORLEANS PELICANS,,SACRAMENTO KINGS,
2025-02-09 03:30:00+00:00,UTAH JAZZ,,LOS ANGELES CLIPPERS,
2025-02-09 18:00:00+00:00,CHARLOTTE HORNETS,,DETROIT PISTONS,
2025-02-09 19:00:00+00:00,TORONTO RAPTORS,,HOUSTON ROCKETS,
2025-02-09 19:00:00+00:00,PHILADELPHIA 76ERS,,MILWAUKEE BUCKS,
2025-02-11 00:00:00+00:00,MINNESOTA TIMBERWOLVES,,CLEVELAND CAVALIERS,
2025-02-11 00:00:00+00:00,ATLANTA HAWKS,,ORLANDO MAGIC,
2025-02-11 00:00:00+00:00,SAN ANTONIO SPURS,,WASHINGTON WIZARDS,
2025-02-11 00:30:00+00:00,CHARLOTTE HORNETS,,BROOKLYN NETS,
2025-02-11 00:30:00+00:00,BOSTON CELTICS,,MIAMI HEAT,
2025-02-11 01:00:00+00:00,GOLDEN STATE WARRIORS,,MILWAUKEE BUCKS,
2025-02-11 01:00:00+00:00,NEW ORLEANS PELICANS,,OKLAHOMA CITY THUNDER,
2025-02-11 01:30:00+00:00,SACRAMENTO KINGS,,DALLAS MAVERICKS,
2025-02-11 02:00:00+00:00,PORTLAND TRAIL BLAZERS,,DENVER NUGGETS,
2025-02-12 00:00:00+00:00,TORONTO RAPTORS,,PHILADELPHIA 76ERS,
2025-02-12 00:30:00+00:00,NEW YORK KNICKS,,INDIANA PACERS,
2025-02-12 01:00:00+00:00,DETROIT PISTONS,,CHICAGO BULLS,
2025-02-12 03:00:00+00:00,MEMPHIS GRIZZLIES,,PHOENIX SUNS,
2025-02-12 03:30:00+00:00,UTAH JAZZ,,LOS ANGELES LAKERS,
2025-02-13 00:00:00+00:00,SAN ANTONIO SPURS,,BOSTON CELTICS,
2025-02-13 00:00:00+00:00,CHARLOTTE HORNETS,,ORLANDO MAGIC,
2025-02-13 00:00:00+00:00,INDIANA PACERS,,WASHINGTON WIZARDS,
2025-02-13 00:30:00+00:00,PHILADELPHIA 76ERS,,BROOKLYN NETS,
2025-02-13 00:30:00+00:00,ATLANTA HAWKS,,NEW YORK KNICKS,
2025-02-13 00:30:00+00:00,CLEVELAND CAVALIERS,,TORONTO RAPTORS,
2025-02-13 01:00:00+00:00,DETROIT PISTONS,,CHICAGO BULLS,
2025-02-13 01:00:00+00:00,MILWAUKEE BUCKS,,MINNESOTA TIMBERWOLVES,
2025-02-13 01:00:00+00:00,SACRAMENTO KINGS,,NEW ORLEANS PELICANS,
2025-02-13 01:00:00+00:00,MIAMI HEAT,,OKLAHOMA CITY THUNDER,
2025-02-13 01:30:00+00:00,PHOENIX SUNS,,HOUSTON ROCKETS,
2025-02-13 02:00:00+00:00,PORTLAND TRAIL BLAZERS,,DENVER NUGGETS,
2025-02-13 02:00:00+00:00,LOS ANGELES LAKERS,,UTAH JAZZ,
2025-02-13 02:30:00+00:00,GOLDEN STATE WARRIORS,,DALLAS MAVERICKS,
2025-02-13 03:30:00+00:00,MEMPHIS GRIZZLIES,,LOS ANGELES CLIPPERS,
2025-02-14 01:00:00+00:00,GOLDEN STATE WARRIORS,,HOUSTON ROCKETS,
2025-02-14 01:00:00+00:00,SACRAMENTO KINGS,,NEW ORLEANS PELICANS,
2025-02-14 01:30:00+00:00,MIAMI HEAT,,DALLAS MAVERICKS,
2025-02-14 01:30:00+00:00,OKLAHOMA CITY THUNDER,,MINNESOTA TIMBERWOLVES,
2025-02-21 00:00:00+00:00,MEMPHIS GRIZZLIES,,INDIANA PACERS,
2025-02-21 00:00:00+00:00,BOSTON CELTICS,,PHILADELPHIA 76ERS,
2025-02-21 00:30:00+00:00,ORLANDO MAGIC,,ATLANTA HAWKS,
2025-02-21 00:30:00+00:00,CLEVELAND CAVALIERS,,BROOKLYN NETS,
2025-02-21 00:30:00+00:00,CHICAGO BULLS,,NEW YORK KNICKS,
2025-02-21 01:00:00+00:00,LOS ANGELES CLIPPERS,,MILWAUKEE BUCKS,
2025-02-21 02:00:00+00:00,CHARLOTTE HORNETS,,DENVER NUGGETS,
2025-02-21 02:30:00+00:00,PHOENIX SUNS,,SAN ANTONIO SPURS,
2025-02-21 03:00:00+00:00,LOS ANGELES LAKERS,,PORTLAND TRAIL BLAZERS,
2025-02-22 00:00:00+00:00,NEW YORK KNICKS,,CLEVELAND CAVALIERS,
2025-02-22 00:00:00+00:00,MEMPHIS GRIZZLIES,,ORLANDO MAGIC,
2025-02-22 00:00:00+00:00,MILWAUKEE BUCKS,,WASHINGTON WIZARDS,
2025-02-22 00:30:00+00:00,MIAMI HEAT,,TORONTO RAPTORS,
2025-02-22 01:00:00+00:00,MINNESOTA TIMBERWOLVES,,HOUSTON ROCKETS,
2025-02-22 01:30:00+00:00,DETROIT PISTONS,,SAN ANTONIO SPURS,
2025-02-22 02:30:00+00:00,NEW ORLEANS PELICANS,,DALLAS MAVERICKS,
2025-02-22 02:30:00+00:00,OKLAHOMA CITY THUNDER,,UTAH JAZZ,
2025-02-22 03:00:00+00:00,GOLDEN STATE WARRIORS,,SACRAMENTO KINGS,
2025-02-22 22:00:00+00:00,PHOENIX SUNS,,CHICAGO BULLS,
2025-02-23 00:30:00+00:00,BROOKLYN NETS,,PHILADELPHIA 76ERS,
2025-02-23 01:30:00+00:00,LOS ANGELES LAKERS,,DENVER NUGGETS,
2025-02-23 02:30:00+00:00,HOUSTON ROCKETS,,UTAH JAZZ,
2025-02-23 03:00:00+00:00,CHARLOTTE HORNETS,,PORTLAND TRAIL BLAZERS,
2025-02-23 18:00:00+00:00,NEW YORK KNICKS,,BOSTON CELTICS,
2025-02-23 20:30:00+00:00,DALLAS MAVERICKS,,GOLDEN STATE WARRIORS,
2025-02-23 22:00:00+00:00,LOS ANGELES CLIPPERS,,INDIANA PACERS,
2025-02-23 23:00:00+00:00,DETROIT PISTONS,,ATLANTA HAWKS,
2025-02-23 23:00:00+00:00,WASHINGTON WIZARDS,,ORLANDO MAGIC,
2025-02-23 23:00:00+00:00,PHOENIX SUNS,,TORONTO RAPTORS,
2025-02-24 00:00:00+00:00,MIAMI HEAT,,MILWAUKEE BUCKS,
2025-02-24 00:00:00+00:00,SAN ANTONIO SPURS,,NEW ORLEANS PELICANS,
2025-02-24 00:30:00+00:00,MEMPHIS GRIZZLIES,,CLEVELAND CAVALIERS,
2025-02-24 02:30:00+00:00,OKLAHOMA CITY THUNDER,,MINNESOTA TIMBERWOLVES,
2025-02-25 00:00:00+00:00,LOS ANGELES CLIPPERS,,DETROIT PISTONS,
2025-02-25 00:00:00+00:00,DENVER NUGGETS,,INDIANA PACERS,
2025-02-25 00:00:00+00:00,CHICAGO BULLS,,PHILADELPHIA 76ERS,
2025-02-25 00:00:00+00:00,BROOKLYN NETS,,WASHINGTON WIZARDS,
2025-02-25 00:30:00+00:00,MIAMI HEAT,,ATLANTA HAWKS,
2025-02-25 01:00:00+00:00,MINNESOTA TIMBERWOLVES,,OKLAHOMA CITY THUNDER,
2025-02-25 02:00:00+00:00,PORTLAND TRAIL BLAZERS,,UTAH JAZZ,
2025-02-25 03:00:00+00:00,CHARLOTTE HORNETS,,SACRAMENTO KINGS,
2025-02-26 00:00:00+00:00,BOSTON CELTICS,,TORONTO RAPTORS,
2025-02-26 00:30:00+00:00,CLEVELAND CAVALIERS,,ORLANDO MAGIC,
2025-02-26 01:00:00+00:00,MILWAUKEE BUCKS,,HOUSTON ROCKETS,
2025-02-26 01:00:00+00:00,PHOENIX SUNS,,MEMPHIS GRIZZLIES,
2025-02-26 01:00:00+00:00,SAN ANTONIO SPURS,,NEW ORLEANS PELICANS,
2025-02-26 03:00:00+00:00,CHARLOTTE HORNETS,,GOLDEN STATE WARRIORS,
2025-02-26 03:00:00+00:00,DALLAS MAVERICKS,,LOS ANGELES LAKERS,
2025-02-27 00:00:00+00:00,BOSTON CELTICS,,DETROIT PISTONS,
2025-02-27 00:00:00+00:00,TORONTO RAPTORS,,INDIANA PACERS,
2025-02-27 00:00:00+00:00,PHILADELPHIA 76ERS,,NEW YORK KNICKS,
2025-02-27 00:00:00+00:00,PORTLAND TRAIL BLAZERS,,WASHINGTON WIZARDS,
2025-02-27 00:30:00+00:00,OKLAHOMA CITY THUNDER,,BROOKLYN NETS,
2025-02-27 00:30:00+00:00,ATLANTA HAWKS,,MIAMI HEAT,
2025-02-27 01:00:00+00:00,LOS ANGELES CLIPPERS,,CHICAGO BULLS,
2025-02-27 02:00:00+00:00,SACRAMENTO KINGS,,UTAH JAZZ,
2025-02-27 02:30:00+00:00,SAN ANTONIO SPURS,,HOUSTON ROCKETS,
2025-02-28 00:00:00+00:00,GOLDEN STATE WARRIORS,,ORLANDO MAGIC,
2025-02-28 00:30:00+00:00,DENVER NUGGETS,,MILWAUKEE BUCKS,
2025-02-28 01:30:00+00:00,CHARLOTTE HORNETS,,DALLAS MAVERICKS,
2025-02-28 03:00:00+00:00,NEW ORLEANS PELICANS,,PHOENIX SUNS,
2025-02-28 03:30:00+00:00,MINNESOTA TIMBERWOLVES,,LOS ANGELES LAKERS,
2025-03-01 00:00:00+00:00,DENVER NUGGETS,,DETROIT PISTONS,
2025-03-01 00:30:00+00:00,OKLAHOMA CITY THUNDER,,ATLANTA HAWKS,
2025-03-01 00:30:00+00:00,CLEVELAND CAVALIERS,,BOSTON CELTICS,
2025-03-01 00:30:00+00:00,PORTLAND TRAIL BLAZERS,,BROOKLYN NETS,
2025-03-01 01:00:00+00:00,TORONTO RAPTORS,,CHICAGO BULLS,
2025-03-01 01:00:00+00:00,NEW YORK KNICKS,,MEMPHIS GRIZZLIES,
2025-03-01 01:00:00+00:00,INDIANA PACERS,,MIAMI HEAT,
2025-03-01 02:00:00+00:00,NEW ORLEANS PELICANS,,PHOENIX SUNS,
2025-03-01 02:30:00+00:00,MINNESOTA TIMBERWOLVES,,UTAH JAZZ,
2025-03-01 03:00:00+00:00,LOS ANGELES CLIPPERS,,LOS ANGELES LAKERS,
2025-03-01 23:00:00+00:00,WASHINGTON WIZARDS,,CHARLOTTE HORNETS,
2025-03-02 00:00:00+00:00,BROOKLYN NETS,,DETROIT PISTONS,
2025-03-02 01:00:00+00:00,SACRAMENTO KINGS,,HOUSTON ROCKETS,
2025-03-02 01:00:00+00:00,SAN ANTONIO SPURS,,MEMPHIS GRIZZLIES,
2025-03-02 01:30:00+00:00,MILWAUKEE BUCKS,,DALLAS MAVERICKS,
2025-03-02 01:30:00+00:00,GOLDEN STATE WARRIORS,,PHILADELPHIA 76ERS,
2025-03-02 18:00:00+00:00,DENVER NUGGETS,,BOSTON CELTICS,
2025-03-02 20:30:00+00:00,PORTLAND TRAIL BLAZERS,,CLEVELAND CAVALIERS,
2025-03-02 22:00:00+00:00,CHICAGO BULLS,,INDIANA PACERS,
2025-03-02 23:00:00+00:00,NEW YORK KNICKS,,MIAMI HEAT,
2025-03-02 23:00:00+00:00,TORONTO RAPTORS,,ORLANDO MAGIC,
2025-03-03 00:00:00+00:00,OKLAHOMA CITY THUNDER,,SAN ANTONIO SPURS,
2025-03-03 01:00:00+00:00,NEW ORLEANS PELICANS,,UTAH JAZZ,
2025-03-03 02:30:00+00:00,LOS ANGELES CLIPPERS,,LOS ANGELES LAKERS,
2025-03-03 02:30:00+00:00,MINNESOTA TIMBERWOLVES,,PHOENIX SUNS,
2025-03-04 00:00:00+00:00,GOLDEN STATE WARRIORS,,CHARLOTTE HORNETS,
2025-03-04 00:00:00+00:00,PORTLAND TRAIL BLAZERS,,PHILADELPHIA 76ERS,
2025-03-04 00:30:00+00:00,WASHINGTON WIZARDS,,MIAMI HEAT,
2025-03-04 01:00:00+00:00,ATLANTA HAWKS,,MEMPHIS GRIZZLIES,
2025-03-04 01:00:00+00:00,HOUSTON ROCKETS,,OKLAHOMA CITY THUNDER,
2025-03-04 01:30:00+00:00,SACRAMENTO KINGS,,DALLAS MAVERICKS,
2025-03-04 02:30:00+00:00,DETROIT PISTONS,,UTAH JAZZ,
2025-03-05 00:00:00+00:00,HOUSTON ROCKETS,,INDIANA PACERS,
2025-03-05 00:00:00+00:00,TORONTO RAPTORS,,ORLANDO MAGIC,
2025-03-05 00:30:00+00:00,MILWAUKEE BUCKS,,ATLANTA HAWKS,
2025-03-05 00:30:00+00:00,GOLDEN STATE WARRIORS,,NEW YORK KNICKS,
2025-03-05 01:00:00+00:00,CLEVELAND CAVALIERS,,CHICAGO BULLS,
2025-03-05 01:00:00+00:00,PHILADELPHIA 76ERS,,MINNESOTA TIMBERWOLVES,
2025-03-05 01:30:00+00:00,BROOKLYN NETS,,SAN ANTONIO SPURS,
2025-03-05 03:00:00+00:00,LOS ANGELES CLIPPERS,,PHOENIX SUNS,
2025-03-05 03:30:00+00:00,NEW ORLEANS PELICANS,,LOS ANGELES LAKERS,
2025-03-06 00:00:00+00:00,PORTLAND TRAIL BLAZERS,,BOSTON CELTICS,
2025-03-06 00:00:00+00:00,MINNESOTA TIMBERWOLVES,,CHARLOTTE HORNETS,
2025-03-06 00:00:00+00:00,MIAMI HEAT,,CLEVELAND CAVALIERS,
2025-03-06 00:00:00+00:00,UTAH JAZZ,,WASHINGTON WIZARDS,
2025-03-06 01:00:00+00:00,OKLAHOMA CITY THUNDER,,MEMPHIS GRIZZLIES,
2025-03-06 02:00:00+00:00,SACRAMENTO KINGS,,DENVER NUGGETS,
2025-03-06 02:30:00+00:00,DALLAS MAVERICKS,,MILWAUKEE BUCKS,
2025-03-06 03:30:00+00:00,DETROIT PISTONS,,LOS ANGELES CLIPPERS,
2025-03-07 00:30:00+00:00,INDIANA PACERS,,ATLANTA HAWKS,
2025-03-07 00:30:00+00:00,PHILADELPHIA 76ERS,,BOSTON CELTICS,
2025-03-07 00:30:00+00:00,GOLDEN STATE WARRIORS,,BROOKLYN NETS,
2025-03-07 01:00:00+00:00,HOUSTON ROCKETS,,NEW ORLEANS PELICANS,
2025-03-07 03:00:00+00:00,NEW YORK KNICKS,,LOS ANGELES LAKERS,
2025-03-08 00:00:00+00:00,CLEVELAND CAVALIERS,,CHARLOTTE HORNETS,
2025-03-08 00:30:00+00:00,MEMPHIS GRIZZLIES,,DALLAS MAVERICKS,
2025-03-08 00:30:00+00:00,UTAH JAZZ,,TORONTO RAPTORS,
2025-03-08 01:00:00+00:00,MINNESOTA TIMBERWOLVES,,MIAMI HEAT,
2025-03-08 01:00:00+00:00,PORTLAND TRAIL BLAZERS,,OKLAHOMA CITY THUNDER,
2025-03-08 03:00:00+00:00,PHOENIX SUNS,,DENVER NUGGETS,
2025-03-08 03:00:00+00:00,SAN ANTONIO SPURS,,SACRAMENTO KINGS,
2025-03-08 03:30:00+00:00,NEW YORK KNICKS,,LOS ANGELES CLIPPERS,
2025-03-08 23:00:00+00:00,BROOKLYN NETS,,CHARLOTTE HORNETS,
2025-03-09 00:00:00+00:00,NEW ORLEANS PELICANS,,HOUSTON ROCKETS,
2025-03-09 00:30:00+00:00,INDIANA PACERS,,ATLANTA HAWKS,
2025-03-09 00:30:00+00:00,WASHINGTON WIZARDS,,TORONTO RAPTORS,
2025-03-09 01:00:00+00:00,CHICAGO BULLS,,MIAMI HEAT,
2025-03-09 01:00:00+00:00,ORLANDO MAGIC,,MILWAUKEE BUCKS,
2025-03-09 01:30:00+00:00,LOS ANGELES LAKERS,,BOSTON CELTICS,
2025-03-09 01:30:00+00:00,DETROIT PISTONS,,GOLDEN STATE WARRIORS,
2025-03-09 17:00:00+00:00,DENVER NUGGETS,,OKLAHOMA CITY THUNDER,
2025-03-09 19:30:00+00:00,PHOENIX SUNS,,DALLAS MAVERICKS,
2025-03-09 23:00:00+00:00,MEMPHIS GRIZZLIES,,NEW ORLEANS PELICANS,
2025-03-09 23:30:00+00:00,UTAH JAZZ,,PHILADELPHIA 76ERS,
2025-03-10 00:00:00+00:00,CLEVELAND CAVALIERS,,MILWAUKEE BUCKS,
2025-03-10 00:00:00+00:00,SAN ANTONIO SPURS,,MINNESOTA TIMBERWOLVES,
2025-03-10 01:00:00+00:00,DETROIT PISTONS,,PORTLAND TRAIL BLAZERS,
2025-03-10 01:30:00+00:00,SACRAMENTO KINGS,,LOS ANGELES CLIPPERS,
2025-03-10 23:30:00+00:00,PHILADELPHIA 76ERS,,ATLANTA HAWKS,
2025-03-10 23:30:00+00:00,UTAH JAZZ,,BOSTON CELTICS,
2025-03-10 23:30:00+00:00,LOS ANGELES LAKERS,,BROOKLYN NETS,
2025-03-10 23:30:00+00:00,CHARLOTTE HORNETS,,MIAMI HEAT,
2025-03-10 23:30:00+00:00,WASHINGTON WIZARDS,,TORONTO RAPTORS,
2025-03-11 00:00:00+00:00,INDIANA PACERS,,CHICAGO BULLS,
2025-03-11 00:00:00+00:00,ORLANDO MAGIC,,HOUSTON ROCKETS,
2025-03-11 00:00:00+00:00,PHOENIX SUNS,,MEMPHIS GRIZZLIES,
2025-03-11 00:00:00+00:00,DENVER NUGGETS,,OKLAHOMA CITY THUNDER,
2025-03-11 00:30:00+00:00,DALLAS MAVERICKS,,SAN ANTONIO SPURS,
2025-03-11 02:00:00+00:00,PORTLAND TRAIL BLAZERS,,GOLDEN STATE WARRIORS,
2025-03-11 02:30:00+00:00,NEW YORK KNICKS,,SACRAMENTO KINGS,
2025-03-11 23:00:00+00:00,BROOKLYN NETS,,CLEVELAND CAVALIERS,
2025-03-11 23:00:00+00:00,WASHINGTON WIZARDS,,DETROIT PISTONS,
2025-03-11 23:00:00+00:00,MILWAUKEE BUCKS,,INDIANA PACERS,
2025-03-12 01:30:00+00:00,LOS ANGELES CLIPPERS,,NEW ORLEANS PELICANS,
2025-03-12 23:00:00+00:00,CHICAGO BULLS,,ORLANDO MAGIC,
2025-03-12 23:30:00+00:00,CHARLOTTE HORNETS,,ATLANTA HAWKS,
2025-03-12 23:30:00+00:00,OKLAHOMA CITY THUNDER,,BOSTON CELTICS,
2025-03-12 23:30:00+00:00,PHILADELPHIA 76ERS,,TORONTO RAPTORS,
2025-03-13 00:00:00+00:00,PHOENIX SUNS,,HOUSTON ROCKETS,
2025-03-13 00:00:00+00:00,UTAH JAZZ,,MEMPHIS GRIZZLIES,
2025-03-13 00:00:00+00:00,LOS ANGELES CLIPPERS,,MIAMI HEAT,
2025-03-13 00:00:00+00:00,DALLAS MAVERICKS,,SAN ANTONIO SPURS,
2025-03-13 02:00:00+00:00,MINNESOTA TIMBERWOLVES,,DENVER NUGGETS,
2025-03-13 02:00:00+00:00,NEW YORK KNICKS,,PORTLAND TRAIL BLAZERS,
2025-03-13 23:00:00+00:00,WASHINGTON WIZARDS,,DETROIT PISTONS,
2025-03-13 23:30:00+00:00,LOS ANGELES LAKERS,,MILWAUKEE BUCKS,
2025-03-14 00:00:00+00:00,BROOKLYN NETS,,CHICAGO BULLS,
2025-03-14 02:00:00+00:00,SACRAMENTO KINGS,,GOLDEN STATE WARRIORS,
2025-03-14 23:00:00+00:00,BOSTON CELTICS,,MIAMI HEAT,
2025-03-14 23:00:00+00:00,INDIANA PACERS,,PHILADELPHIA 76ERS,
2025-03-14 23:30:00+00:00,LOS ANGELES CLIPPERS,,ATLANTA HAWKS,
2025-03-15 00:00:00+00:00,DALLAS MAVERICKS,,HOUSTON ROCKETS,
2025-03-15 00:00:00+00:00,CLEVELAND CAVALIERS,,MEMPHIS GRIZZLIES,
2025-03-15 00:00:00+00:00,ORLANDO MAGIC,,MINNESOTA TIMBERWOLVES,
2025-03-15 00:00:00+00:00,CHARLOTTE HORNETS,,SAN ANTONIO SPURS,
2025-03-15 01:30:00+00:00,LOS ANGELES LAKERS,,DENVER NUGGETS,
2025-03-15 01:30:00+00:00,TORONTO RAPTORS,,UTAH JAZZ,
2025-03-15 02:00:00+00:00,SACRAMENTO KINGS,,PHOENIX SUNS,
2025-03-15 22:00:00+00:00,BOSTON CELTICS,,BROOKLYN NETS,
2025-03-15 23:00:00+00:00,OKLAHOMA CITY THUNDER,,DETROIT PISTONS,
2025-03-16 00:00:00+00:00,CHICAGO BULLS,,HOUSTON ROCKETS,
2025-03-16 00:00:00+00:00,MIAMI HEAT,,MEMPHIS GRIZZLIES,
2025-03-16 00:00:00+00:00,INDIANA PACERS,,MILWAUKEE BUCKS,
2025-03-16 00:30:00+00:00,NEW YORK KNICKS,,GOLDEN STATE WARRIORS,
2025-03-16 00:30:00+00:00,NEW ORLEANS PELICANS,,SAN ANTONIO SPURS,
2025-03-16 01:00:00+00:00,WASHINGTON WIZARDS,,DENVER NUGGETS,
2025-03-16 17:00:00+00:00,PHILADELPHIA 76ERS,,DALLAS MAVERICKS,
2025-03-16 19:30:00+00:00,PHOENIX SUNS,,LOS ANGELES LAKERS,
2025-03-16 22:00:00+00:00,ATLANTA HAWKS,,BROOKLYN NETS,
2025-03-16 22:00:00+00:00,ORLANDO MAGIC,,CLEVELAND CAVALIERS,
2025-03-16 22:00:00+00:00,TORONTO RAPTORS,,PORTLAND TRAIL BLAZERS,
2025-03-16 23:00:00+00:00,UTAH JAZZ,,MINNESOTA TIMBERWOLVES,
2025-03-17 01:00:00+00:00,OKLAHOMA CITY THUNDER,,MILWAUKEE BUCKS,
2025-03-17 02:00:00+00:00,WASHINGTON WIZARDS,,LOS ANGELES CLIPPERS,
2025-03-17 23:30:00+00:00,MIAMI HEAT,,NEW YORK KNICKS,
2025-03-18 00:00:00+00:00,PHILADELPHIA 76ERS,,HOUSTON ROCKETS,
2025-03-18 00:00:00+00:00,INDIANA PACERS,,MINNESOTA TIMBERWOLVES,
2025-03-18 00:00:00+00:00,DETROIT PISTONS,,NEW ORLEANS PELICANS,
2025-03-18 00:00:00+00:00,ORLANDO MAGIC,,SAN ANTONIO SPURS,
2025-03-18 01:00:00+00:00,CHICAGO BULLS,,UTAH JAZZ,
2025-03-18 02:00:00+00:00,DENVER NUGGETS,,GOLDEN STATE WARRIORS,
2025-03-18 02:00:00+00:00,TORONTO RAPTORS,,PHOENIX SUNS,
2025-03-18 02:00:00+00:00,MEMPHIS GRIZZLIES,,SACRAMENTO KINGS,
2025-03-18 23:00:00+00:00,ATLANTA HAWKS,,CHARLOTTE HORNETS,
2025-03-18 23:30:00+00:00,BROOKLYN NETS,,BOSTON CELTICS,
2025-03-19 02:00:00+00:00,WASHINGTON WIZARDS,,PORTLAND TRAIL BLAZERS,
2025-03-19 02:30:00+00:00,CLEVELAND CAVALIERS,,LOS ANGELES CLIPPERS,
2025-03-19 02:30:00+00:00,MILWAUKEE BUCKS,,LOS ANGELES LAKERS,
2025-03-19 23:00:00+00:00,DALLAS MAVERICKS,,INDIANA PACERS,
2025-03-19 23:00:00+00:00,HOUSTON ROCKETS,,ORLANDO MAGIC,
2025-03-19 23:30:00+00:00,DETROIT PISTONS,,MIAMI HEAT,
2025-03-19 23:30:00+00:00,NEW ORLEANS PELICANS,,MINNESOTA TIMBERWOLVES,
2025-03-20 00:00:00+00:00,PHILADELPHIA 76ERS,,OKLAHOMA CITY THUNDER,
2025-03-20 00:00:00+00:00,NEW YORK KNICKS,,SAN ANTONIO SPURS,
2025-03-20 01:00:00+00:00,LOS ANGELES CLIPPERS,,UTAH JAZZ,
2025-03-20 02:00:00+00:00,TORONTO RAPTORS,,GOLDEN STATE WARRIORS,
2025-03-20 02:00:00+00:00,DENVER NUGGETS,,LOS ANGELES LAKERS,
2025-03-20 02:00:00+00:00,CHICAGO BULLS,,PHOENIX SUNS,
2025-03-20 02:00:00+00:00,MEMPHIS GRIZZLIES,,PORTLAND TRAIL BLAZERS,
2025-03-20 02:00:00+00:00,CLEVELAND CAVALIERS,,SACRAMENTO KINGS,
2025-03-20 23:00:00+00:00,NEW YORK KNICKS,,CHARLOTTE HORNETS,
2025-03-20 23:00:00+00:00,BROOKLYN NETS,,INDIANA PACERS,
2025-03-21 02:00:00+00:00,MILWAUKEE BUCKS,,GOLDEN STATE WARRIORS,
2025-03-21 02:00:00+00:00,CHICAGO BULLS,,SACRAMENTO KINGS,
2025-03-21 23:00:00+00:00,ORLANDO MAGIC,,WASHINGTON WIZARDS,
2025-03-22 00:00:00+00:00,HOUSTON ROCKETS,,MIAMI HEAT,
2025-03-22 00:00:00+00:00,NEW ORLEANS PELICANS,,MINNESOTA TIMBERWOLVES,
2025-03-22 00:00:00+00:00,CHARLOTTE HORNETS,,OKLAHOMA CITY THUNDER,
2025-03-22 00:00:00+00:00,PHILADELPHIA 76ERS,,SAN ANTONIO SPURS,
2025-03-22 00:30:00+00:00,DETROIT PISTONS,,DALLAS MAVERICKS,
2025-03-22 01:30:00+00:00,BOSTON CELTICS,,UTAH JAZZ,
2025-03-22 02:00:00+00:00,CLEVELAND CAVALIERS,,PHOENIX SUNS,
2025-03-22 02:00:00+00:00,DENVER NUGGETS,,PORTLAND TRAIL BLAZERS,
2025-03-22 02:30:00+00:00,MEMPHIS GRIZZLIES,,LOS ANGELES CLIPPERS,
2025-03-22 21:00:00+00:00,BROOKLYN NETS,,INDIANA PACERS,
2025-03-22 23:00:00+00:00,GOLDEN STATE WARRIORS,,ATLANTA HAWKS,
2025-03-23 00:00:00+00:00,WASHINGTON WIZARDS,,NEW YORK KNICKS,
2025-03-23 02:00:00+00:00,MILWAUKEE BUCKS,,SACRAMENTO KINGS,
2025-03-23 02:30:00+00:00,CHICAGO BULLS,,LOS ANGELES LAKERS,
2025-03-23 19:00:00+00:00,NEW ORLEANS PELICANS,,DETROIT PISTONS,
2025-03-23 19:30:00+00:00,CLEVELAND CAVALIERS,,UTAH JAZZ,
2025-03-23 22:00:00+00:00,PHILADELPHIA 76ERS,,ATLANTA HAWKS,
2025-03-23 22:00:00+00:00,CHARLOTTE HORNETS,,MIAMI HEAT,
2025-03-23 22:00:00+00:00,BOSTON CELTICS,,PORTLAND TRAIL BLAZERS,
2025-03-23 22:00:00+00:00,SAN ANTONIO SPURS,,TORONTO RAPTORS,
2025-03-23 23:00:00+00:00,DENVER NUGGETS,,HOUSTON ROCKETS,
2025-03-24 01:00:00+00:00,OKLAHOMA CITY THUNDER,,LOS ANGELES CLIPPERS,
2025-03-24 23:00:00+00:00,MINNESOTA TIMBERWOLVES,,INDIANA PACERS,
2025-03-24 23:00:00+00:00,LOS ANGELES LAKERS,,ORLANDO MAGIC,
2025-03-24 23:00:00+00:00,TORONTO RAPTORS,,WASHINGTON WIZARDS,
2025-03-24 23:30:00+00:00,DALLAS MAVERICKS,,BROOKLYN NETS,
2025-03-25 00:00:00+00:00,PHILADELPHIA 76ERS,,NEW ORLEANS PELICANS,
2025-03-25 01:00:00+00:00,CHICAGO BULLS,,DENVER NUGGETS,
2025-03-25 02:00:00+00:00,MILWAUKEE BUCKS,,PHOENIX SUNS,
2025-03-25 02:00:00+00:00,BOSTON CELTICS,,SACRAMENTO KINGS,
2025-03-25 23:00:00+00:00,ORLANDO MAGIC,,CHARLOTTE HORNETS,
2025-03-25 23:00:00+00:00,SAN ANTONIO SPURS,,DETROIT PISTONS,
2025-03-25 23:30:00+00:00,GOLDEN STATE WARRIORS,,MIAMI HEAT,
2025-03-25 23:30:00+00:00,DALLAS MAVERICKS,,NEW YORK KNICKS,
2025-03-26 00:00:00+00:00,ATLANTA HAWKS,,HOUSTON ROCKETS,
2025-03-26 01:00:00+00:00,MEMPHIS GRIZZLIES,,UTAH JAZZ,
2025-03-26 02:00:00+00:00,CLEVELAND CAVALIERS,,PORTLAND TRAIL BLAZERS,
2025-03-26 02:00:00+00:00,OKLAHOMA CITY THUNDER,,SACRAMENTO KINGS,
2025-03-26 23:00:00+00:00,WASHINGTON WIZARDS,,PHILADELPHIA 76ERS,
2025-03-26 23:30:00+00:00,TORONTO RAPTORS,,BROOKLYN NETS,
2025-03-26 23:30:00+00:00,LOS ANGELES LAKERS,,INDIANA PACERS,
2025-03-26 23:30:00+00:00,LOS ANGELES CLIPPERS,,NEW YORK KNICKS,
2025-03-27 01:00:00+00:00,MILWAUKEE BUCKS,,DENVER NUGGETS,
2025-03-27 02:00:00+00:00,BOSTON CELTICS,,PHOENIX SUNS,
2025-03-27 23:00:00+00:00,SAN ANTONIO SPURS,,CLEVELAND CAVALIERS,
2025-03-27 23:00:00+00:00,DALLAS MAVERICKS,,ORLANDO MAGIC,
2025-03-27 23:00:00+00:00,INDIANA PACERS,,WASHINGTON WIZARDS,
2025-03-27 23:30:00+00:00,ATLANTA HAWKS,,MIAMI HEAT,
2025-03-28 00:00:00+00:00,LOS ANGELES LAKERS,,CHICAGO BULLS,
2025-03-28 00:00:00+00:00,MEMPHIS GRIZZLIES,,OKLAHOMA CITY THUNDER,
2025-03-28 01:00:00+00:00,HOUSTON ROCKETS,,UTAH JAZZ,
2025-03-28 02:00:00+00:00,PORTLAND TRAIL BLAZERS,,SACRAMENTO KINGS,
2025-03-28 23:00:00+00:00,CLEVELAND CAVALIERS,,DETROIT PISTONS,
2025-03-28 23:30:00+00:00,LOS ANGELES CLIPPERS,,BROOKLYN NETS,
2025-03-28 23:30:00+00:00,CHARLOTTE HORNETS,,TORONTO RAPTORS,
2025-03-29 00:00:00+00:00,NEW YORK KNICKS,,MILWAUKEE BUCKS,
2025-03-29 00:00:00+00:00,PHOENIX SUNS,,MINNESOTA TIMBERWOLVES,
2025-03-29 00:00:00+00:00,GOLDEN STATE WARRIORS,,NEW ORLEANS PELICANS,
2025-03-29 01:00:00+00:00,UTAH JAZZ,,DENVER NUGGETS,
2025-03-29 21:00:00+00:00,SACRAMENTO KINGS,,ORLANDO MAGIC,
2025-03-29 23:00:00+00:00,BROOKLYN NETS,,WASHINGTON WIZARDS,
2025-03-29 23:30:00+00:00,MIAMI HEAT,,PHILADELPHIA 76ERS,
2025-03-30 00:00:00+00:00,DALLAS MAVERICKS,,CHICAGO BULLS,
2025-03-30 00:00:00+00:00,LOS ANGELES LAKERS,,MEMPHIS GRIZZLIES,
2025-03-30 00:00:00+00:00,INDIANA PACERS,,OKLAHOMA CITY THUNDER,
2025-03-30 00:00:00+00:00,BOSTON CELTICS,,SAN ANTONIO SPURS,
2025-03-30 19:30:00+00:00,LOS ANGELES CLIPPERS,,CLEVELAND CAVALIERS,
2025-03-30 22:00:00+00:00,PORTLAND TRAIL BLAZERS,,NEW YORK KNICKS,
2025-03-30 23:00:00+00:00,ATLANTA HAWKS,,MILWAUKEE BUCKS,
2025-03-30 23:00:00+00:00,DETROIT PISTONS,,MINNESOTA TIMBERWOLVES,
2025-03-30 23:00:00+00:00,CHARLOTTE HORNETS,,NEW ORLEANS PELICANS,
2025-03-30 23:00:00+00:00,GOLDEN STATE WARRIORS,,SAN ANTONIO SPURS,
2025-03-30 23:30:00+00:00,TORONTO RAPTORS,,PHILADELPHIA 76ERS,
2025-03-31 01:00:00+00:00,HOUSTON ROCKETS,,PHOENIX SUNS,
2025-03-31 23:00:00+00:00,UTAH JAZZ,,CHARLOTTE HORNETS,
2025-03-31 23:00:00+00:00,SACRAMENTO KINGS,,INDIANA PACERS,
2025-03-31 23:00:00+00:00,LOS ANGELES CLIPPERS,,ORLANDO MAGIC,
2025-03-31 23:00:00+00:00,MIAMI HEAT,,WASHINGTON WIZARDS,
2025-04-01 00:00:00+00:00,BOSTON CELTICS,,MEMPHIS GRIZZLIES,
2025-04-01 00:00:00+00:00,CHICAGO BULLS,,OKLAHOMA CITY THUNDER,
2025-04-01 00:30:00+00:00,BROOKLYN NETS,,DALLAS MAVERICKS,
2025-04-01 02:30:00+00:00,HOUSTON ROCKETS,,LOS ANGELES LAKERS,
2025-04-01 23:30:00+00:00,PORTLAND TRAIL BLAZERS,,ATLANTA HAWKS,
2025-04-01 23:30:00+00:00,PHILADELPHIA 76ERS,,NEW YORK KNICKS,
2025-04-02 00:00:00+00:00,TORONTO RAPTORS,,CHICAGO BULLS,
2025-04-02 00:00:00+00:00,GOLDEN STATE WARRIORS,,MEMPHIS GRIZZLIES,
2025-04-02 00:00:00+00:00,PHOENIX SUNS,,MILWAUKEE BUCKS,
2025-04-02 02:00:00+00:00,MINNESOTA TIMBERWOLVES,,DENVER NUGGETS,
2025-04-02 23:00:00+00:00,NEW YORK KNICKS,,CLEVELAND CAVALIERS,
2025-04-02 23:00:00+00:00,CHARLOTTE HORNETS,,INDIANA PACERS,
2025-04-02 23:00:00+00:00,SACRAMENTO KINGS,,WASHINGTON WIZARDS,
2025-04-02 23:30:00+00:00,MIAMI HEAT,,BOSTON CELTICS,
2025-04-03 00:00:00+00:00,UTAH JAZZ,,HOUSTON ROCKETS,
2025-04-03 00:00:00+00:00,DETROIT PISTONS,,OKLAHOMA CITY THUNDER,
2025-04-03 00:30:00+00:00,ATLANTA HAWKS,,DALLAS MAVERICKS,
2025-04-03 01:00:00+00:00,SAN ANTONIO SPURS,,DENVER NUGGETS,
2025-04-03 02:00:00+00:00,NEW ORLEANS PELICANS,,LOS ANGELES CLIPPERS,
2025-04-03 23:00:00+00:00,ORLANDO MAGIC,,WASHINGTON WIZARDS,
2025-04-03 23:30:00+00:00,MINNESOTA TIMBERWOLVES,,BROOKLYN NETS,
2025-04-03 23:30:00+00:00,MEMPHIS GRIZZLIES,,MIAMI HEAT,
2025-04-03 23:30:00+00:00,MILWAUKEE BUCKS,,PHILADELPHIA 76ERS,
2025-04-03 23:30:00+00:00,PORTLAND TRAIL BLAZERS,,TORONTO RAPTORS,
2025-04-04 02:00:00+00:00,GOLDEN STATE WARRIORS,,LOS ANGELES LAKERS,
2025-04-04 23:00:00+00:00,SACRAMENTO KINGS,,CHARLOTTE HORNETS,
2025-04-04 23:00:00+00:00,UTAH JAZZ,,INDIANA PACERS,
2025-04-04 23:30:00+00:00,PHOENIX SUNS,,BOSTON CELTICS,
2025-04-04 23:30:00+00:00,DETROIT PISTONS,,TORONTO RAPTORS,
2025-04-05 00:00:00+00:00,PORTLAND TRAIL BLAZERS,,CHICAGO BULLS,
2025-04-05 00:00:00+00:00,OKLAHOMA CITY THUNDER,,HOUSTON ROCKETS,
2025-04-05 00:00:00+00:00,CLEVELAND CAVALIERS,,SAN ANTONIO SPURS,
2025-04-05 02:00:00+00:00,DENVER NUGGETS,,GOLDEN STATE WARRIORS,
2025-04-05 02:30:00+00:00,DALLAS MAVERICKS,,LOS ANGELES CLIPPERS,
2025-04-05 02:30:00+00:00,NEW ORLEANS PELICANS,,LOS ANGELES LAKERS,
2025-04-05 19:00:00+00:00,NEW YORK KNICKS,,ATLANTA HAWKS,
2025-04-05 23:00:00+00:00,MEMPHIS GRIZZLIES,,DETROIT PISTONS,
2025-04-05 23:00:00+00:00,MINNESOTA TIMBERWOLVES,,PHILADELPHIA 76ERS,
2025-04-06 00:00:00+00:00,MILWAUKEE BUCKS,,MIAMI HEAT,
2025-04-06 02:30:00+00:00,DALLAS MAVERICKS,,LOS ANGELES CLIPPERS,
2025-04-06 17:00:00+00:00,CHICAGO BULLS,,CHARLOTTE HORNETS,
2025-04-06 19:30:00+00:00,TORONTO RAPTORS,,BROOKLYN NETS,
2025-04-06 19:30:00+00:00,LOS ANGELES LAKERS,,OKLAHOMA CITY THUNDER,
2025-04-06 22:00:00+00:00,UTAH JAZZ,,ATLANTA HAWKS,
2025-04-06 22:00:00+00:00,WASHINGTON WIZARDS,,BOSTON CELTICS,
2025-04-06 22:00:00+00:00,SACRAMENTO KINGS,,CLEVELAND CAVALIERS,
2025-04-06 22:00:00+00:00,SAN ANTONIO SPURS,,PORTLAND TRAIL BLAZERS,
2025-04-06 23:00:00+00:00,ORLANDO MAGIC,,NEW ORLEANS PELICANS,
2025-04-06 23:00:00+00:00,PHOENIX SUNS,,NEW YORK KNICKS,
2025-04-07 00:00:00+00:00,INDIANA PACERS,,DENVER NUGGETS,
2025-04-07 00:30:00+00:00,HOUSTON ROCKETS,,GOLDEN STATE WARRIORS,
2025-04-07 23:00:00+00:00,SACRAMENTO KINGS,,DETROIT PISTONS,
2025-04-07 23:30:00+00:00,PHILADELPHIA 76ERS,,MIAMI HEAT,
2025-04-08 23:00:00+00:00,MEMPHIS GRIZZLIES,,CHARLOTTE HORNETS,
2025-04-08 23:00:00+00:00,CHICAGO BULLS,,CLEVELAND CAVALIERS,
2025-04-08 23:00:00+00:00,WASHINGTON WIZARDS,,INDIANA PACERS,
2025-04-08 23:00:00+00:00,ATLANTA HAWKS,,ORLANDO MAGIC,
2025-04-08 23:30:00+00:00,NEW ORLEANS PELICANS,,BROOKLYN NETS,
2025-04-08 23:30:00+00:00,BOSTON CELTICS,,NEW YORK KNICKS,
2025-04-09 00:00:00+00:00,MINNESOTA TIMBERWOLVES,,MILWAUKEE BUCKS,
2025-04-09 00:00:00+00:00,LOS ANGELES LAKERS,,OKLAHOMA CITY THUNDER,
2025-04-09 02:00:00+00:00,GOLDEN STATE WARRIORS,,PHOENIX SUNS,
2025-04-09 02:30:00+00:00,SAN ANTONIO SPURS,,LOS ANGELES CLIPPERS,
2025-04-09 23:00:00+00:00,BOSTON CELTICS,,ORLANDO MAGIC,
2025-04-09 23:00:00+00:00,PHILADELPHIA 76ERS,,WASHINGTON WIZARDS,
2025-04-09 23:30:00+00:00,LOS ANGELES LAKERS,,DALLAS MAVERICKS,
2025-04-09 23:30:00+00:00,CHARLOTTE HORNETS,,TORONTO RAPTORS,
2025-04-10 00:00:00+00:00,MIAMI HEAT,,CHICAGO BULLS,
2025-04-10 00:00:00+00:00,NEW ORLEANS PELICANS,,MILWAUKEE BUCKS,
2025-04-10 01:00:00+00:00,PORTLAND TRAIL BLAZERS,,UTAH JAZZ,
2025-04-10 02:00:00+00:00,SAN ANTONIO SPURS,,GOLDEN STATE WARRIORS,
2025-04-10 02:00:00+00:00,OKLAHOMA CITY THUNDER,,PHOENIX SUNS,
2025-04-10 02:00:00+00:00,DENVER NUGGETS,,SACRAMENTO KINGS,
2025-04-10 02:30:00+00:00,HOUSTON ROCKETS,,LOS ANGELES CLIPPERS,
2025-04-10 23:00:00+00:00,NEW YORK KNICKS,,DETROIT PISTONS,
2025-04-10 23:00:00+00:00,CLEVELAND CAVALIERS,,INDIANA PACERS,
2025-04-10 23:30:00+00:00,ATLANTA HAWKS,,BROOKLYN NETS,
2025-04-11 01:30:00+00:00,MINNESOTA TIMBERWOLVES,,MEMPHIS GRIZZLIES,
2025-04-11 23:00:00+00:00,MILWAUKEE BUCKS,,DETROIT PISTONS,
2025-04-11 23:00:00+00:00,ORLANDO MAGIC,,INDIANA PACERS,
2025-04-11 23:00:00+00:00,ATLANTA HAWKS,,PHILADELPHIA 76ERS,
2025-04-11 23:30:00+00:00,CHARLOTTE HORNETS,,BOSTON CELTICS,
2025-04-11 23:30:00+00:00,CLEVELAND CAVALIERS,,NEW YORK KNICKS,
2025-04-12 00:00:00+00:00,WASHINGTON WIZARDS,,CHICAGO BULLS,
2025-04-12 00:00:00+00:00,MIAMI HEAT,,NEW ORLEANS PELICANS,
2025-04-12 00:30:00+00:00,TORONTO RAPTORS,,DALLAS MAVERICKS,
2025-04-12 01:00:00+00:00,MEMPHIS GRIZZLIES,,DENVER NUGGETS,
2025-04-12 01:00:00+00:00,BROOKLYN NETS,,MINNESOTA TIMBERWOLVES,
2025-04-12 01:30:00+00:00,OKLAHOMA CITY THUNDER,,UTAH JAZZ,
2025-04-12 02:00:00+00:00,SAN ANTONIO SPURS,,PHOENIX SUNS,
2025-04-12 02:00:00+00:00,GOLDEN STATE WARRIORS,,PORTLAND TRAIL BLAZERS,
2025-04-12 02:00:00+00:00,LOS ANGELES CLIPPERS,,SACRAMENTO KINGS,
2025-04-12 02:30:00+00:00,HOUSTON ROCKETS,,LOS ANGELES LAKERS,
2025-04-13 17:00:00+00:00,ORLANDO MAGIC,,ATLANTA HAWKS,
2025-04-13 17:00:00+00:00,CHARLOTTE HORNETS,,BOSTON CELTICS,
2025-04-13 17:00:00+00:00,NEW YORK KNICKS,,BROOKLYN NETS,
2025-04-13 17:00:00+00:00,INDIANA PACERS,,CLEVELAND CAVALIERS,
2025-04-13 17:00:00+00:00,WASHINGTON WIZARDS,,MIAMI HEAT,
2025-04-13 17:00:00+00:00,DETROIT PISTONS,,MILWAUKEE BUCKS,
2025-04-13 17:00:00+00:00,CHICAGO BULLS,,PHILADELPHIA 76ERS,
2025-04-13 19:30:00+00:00,LOS ANGELES CLIPPERS,,GOLDEN STATE WARRIORS,
2025-04-13 19:30:00+00:00,DENVER NUGGETS,,HOUSTON ROCKETS,
2025-04-13 19:30:00+00:00,DALLAS MAVERICKS,,MEMPHIS GRIZZLIES,
2025-04-13 19:30:00+00:00,UTAH JAZZ,,MINNESOTA TIMBERWOLVES,
2025-04-13 19:30:00+00:00,OKLAHOMA CITY THUNDER,,NEW ORLEANS PELICANS,
2025-04-13 19:30:00+00:00,LOS ANGELES LAKERS,,PORTLAND TRAIL BLAZERS,
2025-04-13 19:30:00+00:00,PHOENIX SUNS,,SACRAMENTO KINGS,
2025-04-13 19:30:00+00:00,TORONTO RAPTORS,,SAN ANTONIO SPURS,
