player_name,year,salary,player_option,team_option,guaranteed_salary
Stephen Curry,1,"$55,761,216",FALSE,FALSE,"$115,368,033"
Stephen Curry,2,"$59,606,817",FALSE,FALSE,"$115,368,033"
Nikola Jokić,1,"$51,415,938",FALSE,FALSE,"$165,673,578"
Nikola Jokić,2,"$55,224,526",FALSE,FALSE,"$165,673,578"
Nikola Jokić,3,"$59,033,114",FALSE,FALSE,"$165,673,578"
Nikola Jokić,4,"$62,841,702",True,FALSE,"$165,673,578"
Joel Embiid,1,"$51,415,938",FALSE,FALSE,"$106,640,464"
Joel Embiid,2,"$55,224,526",FALSE,FALSE,"$106,640,464"
Kevin Durant,1,"$51,179,021",FALSE,FALSE,"$105,887,630"
Kevin Durant,2,"$54,708,609",FALSE,FALSE,"$105,887,630"
Bradley Beal,1,"$50,203,930",FALSE,FALSE,"$103,870,200"
Bradley Beal,2,"$53,666,270",FALSE,FALSE,"$103,870,200"
Bradley Beal,3,"$57,128,610",True,FALSE,"$103,870,200"
Jaylen Brown,1,"$49,700,000",FALSE,FALSE,"$288,260,000"
Jaylen Brown,2,"$53,676,000",FALSE,FALSE,"$288,260,000"
Jaylen Brown,3,"$57,652,000",FALSE,FALSE,"$288,260,000"
Jaylen Brown,4,"$61,628,000",FALSE,FALSE,"$288,260,000"
Jaylen Brown,5,"$65,604,000",FALSE,FALSE,"$288,260,000"
Devin Booker,1,"$49,205,800",FALSE,FALSE,"$220,441,984"
Devin Booker,2,"$53,142,264",FALSE,FALSE,"$220,441,984"
Devin Booker,3,"$57,078,728",FALSE,FALSE,"$220,441,984"
Devin Booker,4,"$61,015,192",FALSE,FALSE,"$220,441,984"
Karl-Anthony Towns,1,"$49,205,800",FALSE,FALSE,"$159,426,792"
Karl-Anthony Towns,2,"$53,142,264",FALSE,FALSE,"$159,426,792"
Karl-Anthony Towns,3,"$57,078,728",FALSE,FALSE,"$159,426,792"
Karl-Anthony Towns,4,"$61,015,192",True,FALSE,"$159,426,792"
Paul George,1,"$49,205,800",FALSE,FALSE,"$154,998,270"
Paul George,2,"$51,666,090",FALSE,FALSE,"$154,998,270"
Paul George,3,"$54,126,380",FALSE,FALSE,"$154,998,270"
Paul George,4,"$56,586,670",True,FALSE,"$154,998,270"
Kawhi Leonard,1,"$49,205,800",FALSE,FALSE,"$149,505,800"
Kawhi Leonard,2,"$50,000,000",FALSE,FALSE,"$149,505,800"
Kawhi Leonard,3,"$50,300,000",FALSE,FALSE,"$149,505,800"
Jimmy Butler,1,"$48,798,677",FALSE,FALSE,"$48,798,677"
Jimmy Butler,2,"$52,413,394",True,FALSE,"$48,798,677"
Giannis Antetokounmpo,1,"$48,787,676",FALSE,FALSE,"$161,370,692"
Giannis Antetokounmpo,2,"$54,126,450",FALSE,FALSE,"$161,370,692"
Giannis Antetokounmpo,3,"$58,456,566",FALSE,FALSE,"$161,370,692"
Giannis Antetokounmpo,4,"$62,786,682",True,FALSE,"$161,370,692"
Damian Lillard,1,"$48,787,676",True,FALSE,"$102,914,126"
Damian Lillard,2,"$54,126,450",FALSE,FALSE,"$102,914,126"
Damian Lillard,3,"$58,456,566",True,FALSE,"$102,914,126"
LeBron James,1,"$48,728,845",FALSE,FALSE,"$48,728,845"
LeBron James,2,"$52,627,153",True,FALSE,"$48,728,845"
Rudy Gobert,1,"$43,827,586",FALSE,FALSE,"$43,827,586"
Rudy Gobert,2,"$46,655,172",True,FALSE,"$43,827,586"
Anthony Davis,1,"$43,219,440",True,FALSE,"$239,262,819"
Anthony Davis,2,"$60,507,216",FALSE,FALSE,"$239,262,819"
Anthony Davis,3,"$65,347,793",FALSE,FALSE,"$239,262,819"
Anthony Davis,4,"$70,188,370",FALSE,FALSE,"$239,262,819"
Trae Young,1,"$43,031,940",FALSE,FALSE,"$137,998,980"
Trae Young,2,"$45,999,660",FALSE,FALSE,"$137,998,980"
Trae Young,3,"$48,967,380",FALSE,FALSE,"$137,998,980"
Luka Dončić,1,"$43,031,940",FALSE,FALSE,"$89,031,600"
Luka Dončić,2,"$45,999,660",FALSE,FALSE,"$89,031,600"
Luka Dončić,3,"$48,967,380",True,FALSE,"$89,031,600"
Zach LaVine,1,"$43,031,940",FALSE,FALSE,"$89,031,600"
Zach LaVine,2,"$45,999,660",FALSE,FALSE,"$89,031,600"
Zach LaVine,3,"$48,967,380",True,FALSE,"$89,031,600"
Fred VanVleet,1,"$42,846,615",FALSE,FALSE,"$42,846,615"
Fred VanVleet,2,"$44,886,930",FALSE,True,"$42,846,615"
Anthony Edwards,1,"$42,176,400",FALSE,FALSE,"$244,623,120"
Anthony Edwards,2,"$45,550,512",FALSE,FALSE,"$244,623,120"
Anthony Edwards,3,"$48,924,624",FALSE,FALSE,"$244,623,120"
Anthony Edwards,4,"$52,298,736",FALSE,FALSE,"$244,623,120"
Anthony Edwards,5,"$55,672,848",FALSE,FALSE,"$244,623,120"
Tyrese Haliburton,1,"$42,176,400",FALSE,FALSE,"$244,623,120"
Tyrese Haliburton,2,"$45,550,512",FALSE,FALSE,"$244,623,120"
Tyrese Haliburton,3,"$48,924,624",FALSE,FALSE,"$244,623,120"
Tyrese Haliburton,4,"$52,298,736",FALSE,FALSE,"$244,623,120"
Tyrese Haliburton,5,"$55,672,848",FALSE,FALSE,"$244,623,120"
Pascal Siakam,1,"$42,176,400",FALSE,FALSE,"$188,950,272"
Pascal Siakam,2,"$45,550,512",FALSE,FALSE,"$188,950,272"
Pascal Siakam,3,"$48,924,624",FALSE,FALSE,"$188,950,272"
Pascal Siakam,4,"$52,298,736",FALSE,FALSE,"$188,950,272"
Lauri Markkanen,1,"$42,176,400",FALSE,FALSE,"$42,176,400"
Kyrie Irving,1,"$41,000,000",FALSE,FALSE,"$41,000,000"
Kyrie Irving,2,"$43,962,963",True,FALSE,"$41,000,000"
Domantas Sabonis,1,"$40,500,000",FALSE,FALSE,"$180,816,000"
Domantas Sabonis,2,"$43,636,000",FALSE,FALSE,"$180,816,000"
Domantas Sabonis,3,"$46,772,000",FALSE,FALSE,"$180,816,000"
Domantas Sabonis,4,"$49,908,000",FALSE,FALSE,"$180,816,000"
Ben Simmons,1,"$40,338,144",FALSE,FALSE,"$40,338,144"
Zion Williamson,1,"$36,725,670",FALSE,FALSE,"$163,225,200"
Zion Williamson,2,"$39,446,090",FALSE,FALSE,"$163,225,200"
Zion Williamson,3,"$42,166,510",FALSE,FALSE,"$163,225,200"
Zion Williamson,4,"$44,886,930",FALSE,FALSE,"$163,225,200"
Ja Morant,1,"$36,725,670",FALSE,FALSE,"$163,225,200"
Ja Morant,2,"$39,446,090",FALSE,FALSE,"$163,225,200"
Ja Morant,3,"$42,166,510",FALSE,FALSE,"$163,225,200"
Ja Morant,4,"$44,886,930",FALSE,FALSE,"$163,225,200"
Darius Garland,1,"$36,725,670",FALSE,FALSE,"$163,225,200"
Darius Garland,2,"$39,446,090",FALSE,FALSE,"$163,225,200"
Darius Garland,3,"$42,166,510",FALSE,FALSE,"$163,225,200"
Darius Garland,4,"$44,886,930",FALSE,FALSE,"$163,225,200"
OG Anunoby,1,"$36,637,932",FALSE,FALSE,"$164,137,932"
OG Anunoby,2,"$39,568,966",FALSE,FALSE,"$164,137,932"
OG Anunoby,3,"$42,500,000",FALSE,FALSE,"$164,137,932"
OG Anunoby,4,"$45,431,034",FALSE,FALSE,"$164,137,932"
OG Anunoby,5,"$48,362,068",True,FALSE,"$164,137,932"
Brandon Ingram,1,"$36,016,200",FALSE,FALSE,"$36,016,200"
Jamal Murray,1,"$36,016,200",FALSE,FALSE,"$36,016,200"
Shai Gilgeous-Alexander,1,"$35,859,950",FALSE,FALSE,"$114,999,150"
Shai Gilgeous-Alexander,2,"$38,333,050",FALSE,FALSE,"$114,999,150"
Shai Gilgeous-Alexander,3,"$40,806,150",FALSE,FALSE,"$114,999,150"
Michael Porter Jr.,1,"$35,859,950",FALSE,FALSE,"$86,193,000"
Michael Porter Jr.,2,"$38,333,050",FALSE,FALSE,"$86,193,000"
Michael Porter Jr.,3,"$40,806,150",FALSE,FALSE,"$86,193,000"
Donovan Mitchell,1,"$35,410,310",FALSE,FALSE,"$131,910,038"
Donovan Mitchell,2,"$46,394,100",FALSE,FALSE,"$131,910,038"
Donovan Mitchell,3,"$50,105,628",FALSE,FALSE,"$131,910,038"
Donovan Mitchell,4,"$53,817,156",True,FALSE,"$131,910,038"
Tyrese Maxey,1,"$35,147,000",FALSE,FALSE,"$203,852,600"
Tyrese Maxey,2,"$37,958,760",FALSE,FALSE,"$203,852,600"
Tyrese Maxey,3,"$40,770,520",FALSE,FALSE,"$203,852,600"
Tyrese Maxey,4,"$43,582,280",FALSE,FALSE,"$203,852,600"
Tyrese Maxey,5,"$46,394,040",FALSE,FALSE,"$203,852,600"
LaMelo Ball,1,"$35,147,000",FALSE,FALSE,"$203,852,600"
LaMelo Ball,2,"$37,958,760",FALSE,FALSE,"$203,852,600"
LaMelo Ball,3,"$40,770,520",FALSE,FALSE,"$203,852,600"
LaMelo Ball,4,"$43,582,280",FALSE,FALSE,"$203,852,600"
LaMelo Ball,5,"$46,394,040",FALSE,FALSE,"$203,852,600"
Jayson Tatum,1,"$34,848,340",FALSE,FALSE,"$277,334,836"
Jayson Tatum,2,"$54,126,450",FALSE,FALSE,"$277,334,836"
Jayson Tatum,3,"$58,456,566",FALSE,FALSE,"$277,334,836"
Jayson Tatum,4,"$62,786,682",FALSE,FALSE,"$277,334,836"
Jayson Tatum,5,"$67,116,798",FALSE,FALSE,"$277,334,836"
Jayson Tatum,6,"$71,446,914",True,FALSE,"$277,334,836"
Bam Adebayo,1,"$34,848,340",FALSE,FALSE,"$173,269,456"
Bam Adebayo,2,"$37,096,620",FALSE,FALSE,"$173,269,456"
Bam Adebayo,3,"$48,713,700",FALSE,FALSE,"$173,269,456"
Bam Adebayo,4,"$52,610,796",FALSE,FALSE,"$173,269,456"
Bam Adebayo,5,"$56,507,892",True,FALSE,"$173,269,456"
De'Aaron Fox,1,"$34,848,340",FALSE,FALSE,"$71,944,960"
De'Aaron Fox,2,"$37,096,620",FALSE,FALSE,"$71,944,960"
Desmond Bane,1,"$34,005,250",FALSE,FALSE,"$197,230,450"
Desmond Bane,2,"$36,725,670",FALSE,FALSE,"$197,230,450"
Desmond Bane,3,"$39,446,090",FALSE,FALSE,"$197,230,450"
Desmond Bane,4,"$42,166,510",FALSE,FALSE,"$197,230,450"
Desmond Bane,5,"$44,886,930",FALSE,FALSE,"$197,230,450"
Deandre Ayton,1,"$34,005,126",FALSE,FALSE,"$69,555,940"
Deandre Ayton,2,"$35,550,814",FALSE,FALSE,"$69,555,940"
James Harden,1,"$33,653,846",FALSE,FALSE,"$33,653,846"
James Harden,2,"$36,346,154",True,FALSE,"$33,653,846"
CJ McCollum,1,"$33,333,333",FALSE,FALSE,"$63,999,999"
CJ McCollum,2,"$30,666,666",FALSE,FALSE,"$63,999,999"
Immanuel Quickley,1,"$32,500,000",FALSE,FALSE,"$130,000,000"
Immanuel Quickley,2,"$32,500,000",FALSE,FALSE,"$130,000,000"
Immanuel Quickley,3,"$32,500,000",FALSE,FALSE,"$130,000,000"
Immanuel Quickley,4,"$32,500,000",FALSE,FALSE,"$130,000,000"
Khris Middleton,1,"$31,666,667",FALSE,FALSE,"$31,666,667"
Khris Middleton,2,"$34,012,345",True,FALSE,"$31,666,667"
Jrue Holiday,1,"$30,000,000",FALSE,FALSE,"$97,200,000"
Jrue Holiday,2,"$32,400,000",FALSE,FALSE,"$97,200,000"
Jrue Holiday,3,"$34,800,000",FALSE,FALSE,"$97,200,000"
Jrue Holiday,4,"$37,200,000",True,FALSE,"$97,200,000"
Isaiah Hartenstein,1,"$30,000,000",FALSE,FALSE,"$58,500,000"
Isaiah Hartenstein,2,"$28,500,000",FALSE,FALSE,"$58,500,000"
Isaiah Hartenstein,3,"$28,500,000",FALSE,True,"$58,500,000"
Jerami Grant,1,"$29,793,104",FALSE,FALSE,"$96,000,003"
Jerami Grant,2,"$32,000,001",FALSE,FALSE,"$96,000,003"
Jerami Grant,3,"$34,206,898",FALSE,FALSE,"$96,000,003"
Jerami Grant,4,"$36,413,790",True,FALSE,"$96,000,003"
Jordan Poole,1,"$29,651,786",FALSE,FALSE,"$95,544,643"
Jordan Poole,2,"$31,848,215",FALSE,FALSE,"$95,544,643"
Jordan Poole,3,"$34,044,642",FALSE,FALSE,"$95,544,643"
Devin Vassell,1,"$29,347,826",FALSE,FALSE,"$135,000,000"
Devin Vassell,2,"$27,000,000",FALSE,FALSE,"$135,000,000"
Devin Vassell,3,"$27,000,000",FALSE,FALSE,"$135,000,000"
Devin Vassell,4,"$24,652,174",FALSE,FALSE,"$135,000,000"
Devin Vassell,5,"$27,000,000",FALSE,FALSE,"$135,000,000"
Kristaps Porziņģis,1,"$29,268,293",FALSE,FALSE,"$60,000,000"
Kristaps Porziņģis,2,"$30,731,707",FALSE,FALSE,"$60,000,000"
Tyler Herro,1,"$29,000,000",FALSE,FALSE,"$93,000,000"
Tyler Herro,2,"$31,000,000",FALSE,FALSE,"$93,000,000"
Tyler Herro,3,"$33,000,000",FALSE,FALSE,"$93,000,000"
Julius Randle,1,"$28,939,680",FALSE,FALSE,"$28,939,680"
Julius Randle,2,"$30,935,520",True,FALSE,"$28,939,680"
Nic Claxton,1,"$27,556,817",FALSE,FALSE,"$97,000,000"
Nic Claxton,2,"$25,352,272",FALSE,FALSE,"$97,000,000"
Nic Claxton,3,"$23,147,727",FALSE,FALSE,"$97,000,000"
Nic Claxton,4,"$20,943,184",FALSE,FALSE,"$97,000,000"
Miles Bridges,1,"$27,173,913",FALSE,FALSE,"$75,000,000"
Miles Bridges,2,"$25,000,000",FALSE,FALSE,"$75,000,000"
Miles Bridges,3,"$22,826,087",FALSE,FALSE,"$75,000,000"
John Collins,1,"$26,580,000",FALSE,FALSE,"$26,580,000"
John Collins,2,"$26,580,000",True,FALSE,"$26,580,000"
Andrew Wiggins,1,"$26,276,786",FALSE,FALSE,"$54,500,001"
Andrew Wiggins,2,"$28,223,215",FALSE,FALSE,"$54,500,001"
Andrew Wiggins,3,"$30,169,644",True,FALSE,"$54,500,001"
Anfernee Simons,1,"$25,892,857",FALSE,FALSE,"$53,571,428"
Anfernee Simons,2,"$27,678,571",FALSE,FALSE,"$53,571,428"
RJ Barrett,1,"$25,794,643",FALSE,FALSE,"$83,116,071"
RJ Barrett,2,"$27,705,357",FALSE,FALSE,"$83,116,071"
RJ Barrett,3,"$29,616,071",FALSE,FALSE,"$83,116,071"
Dejounte Murray,1,"$25,499,599",FALSE,FALSE,"$82,618,704"
Dejounte Murray,2,"$27,539,568",FALSE,FALSE,"$82,618,704"
Dejounte Murray,3,"$29,579,537",FALSE,FALSE,"$82,618,704"
Dejounte Murray,4,"$31,619,506",True,FALSE,"$82,618,704"
Tobias Harris,1,"$25,365,854",FALSE,FALSE,"$52,000,000"
Tobias Harris,2,"$26,634,146",FALSE,FALSE,"$52,000,000"
Jaren Jackson Jr.,1,"$25,257,798",FALSE,FALSE,"$48,671,193"
Jaren Jackson Jr.,2,"$23,413,395",FALSE,FALSE,"$48,671,193"
Jonathan Isaac,1,"$25,000,000",FALSE,FALSE,"$69,000,000"
Jonathan Isaac,2,"$15,000,000",FALSE,FALSE,"$69,000,000"
Jonathan Isaac,3,"$14,500,000",FALSE,FALSE,"$69,000,000"
Jonathan Isaac,4,"$14,500,000",FALSE,FALSE,"$69,000,000"
Jonathan Isaac,5,"$15,000,000",FALSE,FALSE,"$69,000,000"
Jalen Brunson,1,"$24,960,001",FALSE,FALSE,"$138,178,564"
Jalen Brunson,2,"$34,944,001",FALSE,FALSE,"$138,178,564"
Jalen Brunson,3,"$37,739,521",FALSE,FALSE,"$138,178,564"
Jalen Brunson,4,"$40,535,041",FALSE,FALSE,"$138,178,564"
Jalen Brunson,5,"$43,330,561",True,FALSE,"$138,178,564"
Terry Rozier,1,"$24,924,126",FALSE,FALSE,"$51,567,157"
Terry Rozier,2,"$26,643,031",FALSE,FALSE,"$51,567,157"
Draymond Green,1,"$24,107,143",FALSE,FALSE,"$77,678,571"
Draymond Green,2,"$25,892,857",FALSE,FALSE,"$77,678,571"
Draymond Green,3,"$27,678,571",FALSE,FALSE,"$77,678,571"
Kyle Kuzma,1,"$23,522,727",FALSE,FALSE,"$64,431,818"
Kyle Kuzma,2,"$21,477,272",FALSE,FALSE,"$64,431,818"
Kyle Kuzma,3,"$19,431,819",FALSE,FALSE,"$64,431,818"
DeMar DeRozan,1,"$23,400,000",FALSE,FALSE,"$47,970,000"
DeMar DeRozan,2,"$24,570,000",FALSE,FALSE,"$47,970,000"
DeMar DeRozan,3,"$25,740,000",FALSE,FALSE,"$47,970,000"
Mikal Bridges,1,"$23,300,000",FALSE,FALSE,"$48,200,000"
Mikal Bridges,2,"$24,900,000",FALSE,FALSE,"$48,200,000"
Jaden McDaniels,1,"$23,017,242",FALSE,FALSE,"$133,500,000"
Jaden McDaniels,2,"$24,858,622",FALSE,FALSE,"$133,500,000"
Jaden McDaniels,3,"$26,700,001",FALSE,FALSE,"$133,500,000"
Jaden McDaniels,4,"$28,541,380",FALSE,FALSE,"$133,500,000"
Jaden McDaniels,5,"$30,382,755",FALSE,FALSE,"$133,500,000"
Bruce Brown,1,"$23,000,000",FALSE,True,"$23,000,000"
Brook Lopez,1,"$23,000,000",FALSE,FALSE,"$23,000,000"
Aaron Gordon,1,"$22,841,455",FALSE,FALSE,"$22,841,455"
Aaron Gordon,2,"$22,841,455",True,FALSE,"$22,841,455"
Kentavious Caldwell-Pope,1,"$22,757,000",FALSE,FALSE,"$44,378,500"
Kentavious Caldwell-Pope,2,"$21,621,500",FALSE,FALSE,"$44,378,500"
Kentavious Caldwell-Pope,3,"$21,621,500",True,FALSE,"$44,378,500"
Cameron Johnson,1,"$22,500,000",FALSE,FALSE,"$65,543,478"
Cameron Johnson,2,"$20,543,478",FALSE,FALSE,"$65,543,478"
Cameron Johnson,3,"$22,500,000",FALSE,FALSE,"$65,543,478"
Malcolm Brogdon,1,"$22,500,000",FALSE,FALSE,"$22,500,000"
Clint Capela,1,"$22,265,280",FALSE,FALSE,"$22,265,280"
Dillon Brooks,1,"$22,255,493",FALSE,FALSE,"$63,372,330"
Dillon Brooks,2,"$21,124,110",FALSE,FALSE,"$63,372,330"
Dillon Brooks,3,"$19,992,727",FALSE,FALSE,"$63,372,330"
De'Andre Hunter,1,"$21,696,429",FALSE,FALSE,"$69,910,714"
De'Andre Hunter,2,"$23,303,571",FALSE,FALSE,"$69,910,714"
De'Andre Hunter,3,"$24,910,714",FALSE,FALSE,"$69,910,714"
Lonzo Ball,1,"$21,395,348",True,FALSE,"$21,395,348"
Marcus Smart,1,"$20,210,284",FALSE,FALSE,"$41,797,139"
Marcus Smart,2,"$21,586,855",FALSE,FALSE,"$41,797,139"
Derrick White,1,"$20,071,429",FALSE,FALSE,"$111,115,429"
Derrick White,2,"$28,100,000",FALSE,FALSE,"$111,115,429"
Derrick White,3,"$30,348,000",FALSE,FALSE,"$111,115,429"
Derrick White,4,"$32,596,000",FALSE,FALSE,"$111,115,429"
Derrick White,5,"$34,844,000",True,FALSE,"$111,115,429"
Nikola Vučević,1,"$20,000,000",FALSE,FALSE,"$41,481,481"
Nikola Vučević,2,"$21,481,481",FALSE,FALSE,"$41,481,481"
Jarrett Allen,1,"$20,000,000",FALSE,FALSE,"$40,000,000"
Jarrett Allen,2,"$20,000,000",FALSE,FALSE,"$40,000,000"
Myles Turner,1,"$19,928,500",FALSE,FALSE,"$19,928,500"
Jakob Poeltl,1,"$19,500,000",FALSE,FALSE,"$39,000,000"
Jakob Poeltl,2,"$19,500,000",FALSE,FALSE,"$39,000,000"
Jakob Poeltl,3,"$19,500,000",True,FALSE,"$39,000,000"
Duncan Robinson,1,"$19,406,000",FALSE,FALSE,"$29,294,000"
Duncan Robinson,2,"$19,888,000",FALSE,FALSE,"$29,294,000"
Norman Powell,1,"$19,241,379",FALSE,FALSE,"$39,724,137"
Norman Powell,2,"$20,482,758",FALSE,FALSE,"$39,724,137"
Bojan Bogdanović,1,"$19,032,850",FALSE,FALSE,
Keldon Johnson,1,"$19,000,000",FALSE,FALSE,"$54,000,000"
Keldon Johnson,2,"$17,500,000",FALSE,FALSE,"$54,000,000"
Keldon Johnson,3,"$17,500,000",FALSE,FALSE,"$54,000,000"
D'Angelo Russell,1,"$18,692,307",True,FALSE,"$18,692,307"
Collin Sexton,1,"$18,350,000",FALSE,FALSE,"$37,525,000"
Collin Sexton,2,"$19,175,000",FALSE,FALSE,"$37,525,000"
Josh Hart,1,"$18,144,000",FALSE,FALSE,"$58,540,000"
Josh Hart,2,"$19,472,240",FALSE,FALSE,"$58,540,000"
Josh Hart,3,"$20,923,760",FALSE,FALSE,"$58,540,000"
Josh Hart,4,"$22,375,280",FALSE,True,"$58,540,000"
Jusuf Nurkić,1,"$18,125,000",FALSE,FALSE,"$37,500,000"
Jusuf Nurkić,2,"$19,375,000",FALSE,FALSE,"$37,500,000"
Patrick Williams,1,"$18,000,000",FALSE,FALSE,"$72,000,000"
Patrick Williams,2,"$18,000,000",FALSE,FALSE,"$72,000,000"
Patrick Williams,3,"$18,000,000",FALSE,FALSE,"$72,000,000"
Patrick Williams,4,"$18,000,000",FALSE,FALSE,"$72,000,000"
Patrick Williams,5,"$18,000,000",True,FALSE,"$72,000,000"
Harrison Barnes,1,"$18,000,000",FALSE,FALSE,"$37,000,000"
Harrison Barnes,2,"$19,000,000",FALSE,FALSE,"$37,000,000"
Malik Monk,1,"$17,405,203",FALSE,FALSE,"$56,392,857"
Malik Monk,2,"$18,797,619",FALSE,FALSE,"$56,392,857"
Malik Monk,3,"$20,190,035",FALSE,FALSE,"$56,392,857"
Malik Monk,4,"$21,582,451",True,FALSE,"$56,392,857"
Bogdan Bogdanović,1,"$17,260,000",FALSE,FALSE,"$33,280,000"
Bogdan Bogdanović,2,"$16,020,000",FALSE,FALSE,"$33,280,000"
Bogdan Bogdanović,3,"$16,020,000",FALSE,True,"$33,280,000"
Rui Hachimura,1,"$17,000,000",FALSE,FALSE,"$35,259,259"
Rui Hachimura,2,"$18,259,259",FALSE,FALSE,"$35,259,259"
Kevin Huerter,1,"$16,830,357",FALSE,FALSE,"$34,821,428"
Kevin Huerter,2,"$17,991,071",FALSE,FALSE,"$34,821,428"
Zach Collins,1,"$16,741,200",FALSE,FALSE,"$34,821,696"
Zach Collins,2,"$18,080,496",FALSE,FALSE,"$34,821,696"
Caris LeVert,1,"$16,615,384",FALSE,FALSE,"$16,615,384"
Luguentz Dort,1,"$16,500,000",FALSE,FALSE,"$34,222,222"
Luguentz Dort,2,"$17,722,222",FALSE,FALSE,"$34,222,222"
Luguentz Dort,3,"$17,722,222",FALSE,True,"$34,222,222"
Tim Hardaway Jr.,1,"$16,193,183",FALSE,FALSE,"$16,193,183"
Klay Thompson,1,"$15,873,016",FALSE,FALSE,"$50,000,000"
Klay Thompson,2,"$16,666,667",FALSE,FALSE,"$50,000,000"
Klay Thompson,3,"$17,460,317",FALSE,FALSE,"$50,000,000"
Deni Avdija,1,"$15,625,000",FALSE,FALSE,"$55,000,000"
Deni Avdija,2,"$14,375,000",FALSE,FALSE,"$55,000,000"
Deni Avdija,3,"$13,125,000",FALSE,FALSE,"$55,000,000"
Deni Avdija,4,"$11,875,000",FALSE,FALSE,"$55,000,000"
Grayson Allen,1,"$15,625,000",FALSE,FALSE,"$50,625,000"
Grayson Allen,2,"$16,875,000",FALSE,FALSE,"$50,625,000"
Grayson Allen,3,"$18,125,000",FALSE,FALSE,"$50,625,000"
Grayson Allen,4,"$19,375,000",True,FALSE,"$50,625,000"
P.J. Washington,1,"$15,500,000",FALSE,FALSE,"$29,652,174"
P.J. Washington,2,"$14,152,174",FALSE,FALSE,"$29,652,174"
Max Strus,1,"$15,212,068",FALSE,FALSE,"$47,809,356"
Max Strus,2,"$15,936,452",FALSE,FALSE,"$47,809,356"
Max Strus,3,"$16,660,836",FALSE,FALSE,"$47,809,356"
Isaiah Stewart,1,"$15,000,000",FALSE,FALSE,"$45,000,000"
Isaiah Stewart,2,"$15,000,000",FALSE,FALSE,"$45,000,000"
Isaiah Stewart,3,"$15,000,000",FALSE,FALSE,"$45,000,000"
Isaiah Stewart,4,"$15,000,000",FALSE,True,"$45,000,000"
Dorian Finney-Smith,1,"$14,924,167",FALSE,FALSE,"$14,924,167"
Dorian Finney-Smith,2,"$15,378,480",True,FALSE,"$14,924,167"
Luke Kennard,1,"$14,763,636",FALSE,True,
Mitchell Robinson,1,"$14,318,182",FALSE,FALSE,"$27,272,728"
Mitchell Robinson,2,"$12,954,546",FALSE,FALSE,"$27,272,728"
Jordan Clarkson,1,"$14,092,577",FALSE,FALSE,"$28,378,291"
Jordan Clarkson,2,"$14,285,714",FALSE,FALSE,"$28,378,291"
Onyeka Okongwu,1,"$14,000,000",FALSE,FALSE,"$62,000,000"
Onyeka Okongwu,2,"$15,000,000",FALSE,FALSE,"$62,000,000"
Onyeka Okongwu,3,"$16,120,000",FALSE,FALSE,"$62,000,000"
Onyeka Okongwu,4,"$16,880,000",FALSE,FALSE,"$62,000,000"
Naz Reid,1,"$13,986,432",FALSE,FALSE,"$13,986,432"
Naz Reid,2,"$15,022,464",True,FALSE,"$13,986,432"
Cade Cunningham,1,"$13,940,809",FALSE,True,"$238,178,959"
Cade Cunningham,2,"$38,661,750",FALSE,FALSE,"$238,178,959"
Cade Cunningham,3,"$41,754,690",FALSE,FALSE,"$238,178,959"
Cade Cunningham,4,"$44,847,630",FALSE,FALSE,"$238,178,959"
Cade Cunningham,5,"$47,940,570",FALSE,FALSE,"$238,178,959"
Cade Cunningham,6,"$51,033,510",FALSE,FALSE,"$238,178,959"
Daniel Gafford,1,"$13,394,160",FALSE,FALSE,"$27,780,480"
Daniel Gafford,2,"$14,386,320",FALSE,FALSE,"$27,780,480"
Grant Williams,1,"$13,025,250",FALSE,FALSE,"$40,936,500"
Grant Williams,2,"$13,645,500",FALSE,FALSE,"$40,936,500"
Grant Williams,3,"$14,265,750",FALSE,FALSE,"$40,936,500"
Dennis Schröder,1,"$13,025,250",FALSE,FALSE,"$13,025,250"
Isaiah Joe,1,"$12,991,650",FALSE,FALSE,"$36,676,994"
Isaiah Joe,2,"$12,362,338",FALSE,FALSE,"$36,676,994"
Isaiah Joe,3,"$11,323,006",FALSE,FALSE,"$36,676,994"
Isaiah Joe,4,"$11,323,006",FALSE,True,"$36,676,994"
Herbert Jones,1,"$12,976,362",FALSE,FALSE,"$41,812,722"
Herbert Jones,2,"$13,937,574",FALSE,FALSE,"$41,812,722"
Herbert Jones,3,"$14,898,786",FALSE,FALSE,"$41,812,722"
Austin Reaves,1,"$12,976,362",FALSE,FALSE,"$26,913,936"
Austin Reaves,2,"$13,937,574",FALSE,FALSE,"$26,913,936"
Austin Reaves,3,"$14,898,786",True,FALSE,"$26,913,936"
Obi Toppin,1,"$12,975,000",FALSE,FALSE,"$58,000,000"
Obi Toppin,2,"$14,000,000",FALSE,FALSE,"$58,000,000"
Obi Toppin,3,"$15,000,000",FALSE,FALSE,"$58,000,000"
Obi Toppin,4,"$16,025,000",FALSE,FALSE,"$58,000,000"
Cole Anthony,1,"$12,900,000",FALSE,FALSE,"$26,000,000"
Cole Anthony,2,"$13,100,000",FALSE,FALSE,"$26,000,000"
Cole Anthony,3,"$13,100,000",FALSE,True,"$26,000,000"
De'Anthony Melton,1,"$12,822,000",FALSE,FALSE,"$12,822,000"
Kelly Olynyk,1,"$12,804,878",FALSE,FALSE,"$26,250,000"
Kelly Olynyk,2,"$13,445,122",FALSE,FALSE,"$26,250,000"
Victor Wembanyama,1,"$12,768,960",FALSE,FALSE,"$26,145,840"
Victor Wembanyama,2,"$13,376,880",FALSE,True,"$26,145,840"
Victor Wembanyama,3,"$16,868,246",FALSE,True,"$26,145,840"
Josh Green,1,"$12,654,321",FALSE,FALSE,"$41,000,000"
Josh Green,2,"$13,666,667",FALSE,FALSE,"$41,000,000"
Josh Green,3,"$14,679,012",FALSE,FALSE,"$41,000,000"
Richaun Holmes,1,"$12,648,321",FALSE,FALSE,"$12,648,321"
Richaun Holmes,2,"$13,280,737",FALSE,FALSE,"$12,648,321"
Steven Adams,1,"$12,600,000",FALSE,FALSE,"$12,600,000"
Bobby Portis,1,"$12,578,286",FALSE,FALSE,"$12,578,286"
Bobby Portis,2,"$13,445,754",True,FALSE,"$12,578,286"
Zaccharie Risacher,1,"$12,569,040",FALSE,FALSE,"$25,766,760"
Zaccharie Risacher,2,"$13,197,720",FALSE,FALSE,"$25,766,760"
Zaccharie Risacher,3,"$13,826,040",FALSE,True,"$25,766,760"
Zaccharie Risacher,4,"$17,434,637",FALSE,True,"$25,766,760"
Brandon Clarke,1,"$12,500,000",FALSE,FALSE,"$37,500,000"
Brandon Clarke,2,"$12,500,000",FALSE,FALSE,"$37,500,000"
Brandon Clarke,3,"$12,500,000",FALSE,FALSE,"$37,500,000"
Marvin Bagley III,1,"$12,500,000",FALSE,FALSE,"$12,500,000"
Jalen Green,1,"$12,483,048",FALSE,True,"$12,483,048"
Robert Williams,1,"$12,428,571",FALSE,FALSE,"$25,714,284"
Robert Williams,2,"$13,285,713",FALSE,FALSE,"$25,714,284"
Paolo Banchero,1,"$12,160,800",FALSE,True,"$27,495,569"
Paolo Banchero,2,"$15,334,769",FALSE,True,"$27,495,569"
Coby White,1,"$12,000,000",FALSE,FALSE,"$24,888,889"
Coby White,2,"$12,888,889",FALSE,FALSE,"$24,888,889"
Wendell Carter Jr.,1,"$11,950,000",FALSE,FALSE,"$22,800,000"
Wendell Carter Jr.,2,"$10,850,000",FALSE,FALSE,"$22,800,000"
Ivica Zubac,1,"$11,743,210",FALSE,FALSE,"$11,743,210"
P.J. Tucker,1,"$11,539,000",True,FALSE,"$11,539,000"
Donte DiVincenzo,1,"$11,445,000",FALSE,FALSE,"$35,970,000"
Donte DiVincenzo,2,"$11,990,000",FALSE,FALSE,"$35,970,000"
Donte DiVincenzo,3,"$12,535,000",FALSE,FALSE,"$35,970,000"
Brandon Miller,1,"$11,424,600",FALSE,FALSE,"$11,424,600"
Brandon Miller,2,"$11,968,800",FALSE,True,"$11,424,600"
Brandon Miller,3,"$15,104,626",FALSE,True,"$11,424,600"
Terance Mann,1,"$11,423,077",FALSE,FALSE,"$11,423,077"
Alex Sarr,1,"$11,245,680",FALSE,FALSE,"$23,053,920"
Alex Sarr,2,"$11,808,240",FALSE,FALSE,"$23,053,920"
Alex Sarr,3,"$12,370,680",FALSE,True,"$23,053,920"
Alex Sarr,4,"$15,611,798",FALSE,True,"$23,053,920"
Evan Mobley,1,"$11,227,657",FALSE,True,"$235,465,807"
Evan Mobley,2,"$38,661,750",FALSE,FALSE,"$235,465,807"
Evan Mobley,3,"$41,754,690",FALSE,FALSE,"$235,465,807"
Evan Mobley,4,"$44,847,630",FALSE,FALSE,"$235,465,807"
Evan Mobley,5,"$47,940,570",FALSE,FALSE,"$235,465,807"
Evan Mobley,6,"$51,033,510",FALSE,FALSE,"$235,465,807"
Larry Nance Jr.,1,"$11,205,000",FALSE,FALSE,"$11,205,000"
Matisse Thybulle,1,"$11,025,000",FALSE,FALSE,"$11,025,000"
Matisse Thybulle,2,"$11,550,000",True,FALSE,"$11,025,000"
Aaron Nesmith,1,"$11,000,000",FALSE,FALSE,"$33,000,000"
Aaron Nesmith,2,"$11,000,000",FALSE,FALSE,"$33,000,000"
Aaron Nesmith,3,"$11,000,000",FALSE,FALSE,"$33,000,000"
Gabe Vincent,1,"$11,000,000",FALSE,FALSE,"$22,500,000"
Gabe Vincent,2,"$11,500,000",FALSE,FALSE,"$22,500,000"
Maxi Kleber,1,"$11,000,000",FALSE,FALSE,"$22,000,000"
Maxi Kleber,2,"$11,000,000",FALSE,FALSE,"$22,000,000"
Moritz Wagner,1,"$11,000,000",FALSE,FALSE,"$11,000,000"
Moritz Wagner,2,"$11,000,000",FALSE,True,"$11,000,000"
Chet Holmgren,1,"$10,880,640",FALSE,True,"$10,880,640"
Chet Holmgren,2,"$13,731,368",FALSE,True,"$10,880,640"
Chris Boucher,1,"$10,810,000",FALSE,FALSE,"$10,810,000"
Jarred Vanderbilt,1,"$10,714,286",FALSE,FALSE,"$34,714,286"
Jarred Vanderbilt,2,"$11,571,429",FALSE,FALSE,"$34,714,286"
Jarred Vanderbilt,3,"$12,428,571",FALSE,FALSE,"$34,714,286"
Jarred Vanderbilt,4,"$13,285,714",True,FALSE,"$34,714,286"
Aaron Wiggins,1,"$10,514,017",FALSE,FALSE,"$45,000,000"
Aaron Wiggins,2,"$9,672,897",FALSE,FALSE,"$45,000,000"
Aaron Wiggins,3,"$8,831,776",FALSE,FALSE,"$45,000,000"
Aaron Wiggins,4,"$7,990,655",FALSE,FALSE,"$45,000,000"
Aaron Wiggins,5,"$7,990,655",FALSE,FALSE,"$45,000,000"
Chris Paul,1,"$10,460,000",FALSE,FALSE,"$10,460,000"
Scoot Henderson,1,"$10,259,160",FALSE,FALSE,"$21,007,200"
Scoot Henderson,2,"$10,748,040",FALSE,True,"$21,007,200"
Scoot Henderson,3,"$13,585,523",FALSE,True,"$21,007,200"
Scottie Barnes,1,"$10,130,980",FALSE,True,"$234,369,130"
Scottie Barnes,2,"$38,661,750",FALSE,FALSE,"$234,369,130"
Scottie Barnes,3,"$41,754,690",FALSE,FALSE,"$234,369,130"
Scottie Barnes,4,"$44,847,630",FALSE,FALSE,"$234,369,130"
Scottie Barnes,5,"$47,940,570",FALSE,FALSE,"$234,369,130"
Scottie Barnes,6,"$51,033,510",FALSE,FALSE,"$234,369,130"
Reed Sheppard,1,"$10,098,960",FALSE,FALSE,"$20,702,520"
Reed Sheppard,2,"$10,603,560",FALSE,FALSE,"$20,702,520"
Reed Sheppard,3,"$11,108,880",FALSE,True,"$20,702,520"
Reed Sheppard,4,"$14,041,625",FALSE,True,"$20,702,520"
Mike Conley,1,"$9,975,962",FALSE,FALSE,"$20,750,000"
Mike Conley,2,"$10,774,038",FALSE,FALSE,"$20,750,000"
Jonas Valančiūnas,1,"$9,900,000",FALSE,FALSE,"$20,295,000"
Jonas Valančiūnas,2,"$10,395,000",FALSE,FALSE,"$20,295,000"
Jonas Valančiūnas,3,"$10,000,000",FALSE,FALSE,"$20,295,000"
Alex Caruso,1,"$9,890,000",FALSE,FALSE,"$3,000,000"
Jabari Smith Jr.,1,"$9,770,880",FALSE,True,"$9,770,880"
Jabari Smith Jr.,2,"$12,350,392",FALSE,True,"$9,770,880"
Jeff Green,1,"$9,600,000",FALSE,True,"$9,600,000"
Derrick Jones Jr.,1,"$9,523,810",FALSE,FALSE,"$30,000,000"
Derrick Jones Jr.,2,"$10,000,000",FALSE,FALSE,"$30,000,000"
Derrick Jones Jr.,3,"$10,476,190",FALSE,FALSE,"$30,000,000"
Al Horford,1,"$9,500,000",FALSE,FALSE,"$9,500,000"
Pat Connaughton,1,"$9,423,869",FALSE,FALSE,"$9,423,869"
Pat Connaughton,2,"$9,423,869",True,FALSE,"$9,423,869"
Royce O'Neale,1,"$9,375,000",FALSE,FALSE,"$42,000,000"
Royce O'Neale,2,"$10,125,000",FALSE,FALSE,"$42,000,000"
Royce O'Neale,3,"$10,875,000",FALSE,FALSE,"$42,000,000"
Royce O'Neale,4,"$11,625,000",FALSE,FALSE,"$42,000,000"
T.J. McConnell,1,"$9,300,000",FALSE,FALSE,"$9,300,000"
Amen Thompson,1,"$9,249,960",FALSE,FALSE,"$9,249,960"
Amen Thompson,2,"$9,690,600",FALSE,True,"$9,249,960"
Amen Thompson,3,"$12,258,609",FALSE,True,"$9,249,960"
Jalen Suggs,1,"$9,188,385",FALSE,True,"$9,188,385"
Gary Payton II,1,"$9,130,000",True,FALSE,"$9,130,000"
Stephon Castle,1,"$9,105,120",FALSE,FALSE,"$18,665,640"
Stephon Castle,2,"$9,560,520",FALSE,FALSE,"$18,665,640"
Stephon Castle,3,"$10,015,920",FALSE,True,"$18,665,640"
Stephon Castle,4,"$12,670,139",FALSE,True,"$18,665,640"
Tre Jones,1,"$9,104,167",FALSE,FALSE,"$9,104,167"
Goga Bitadze,1,"$9,057,971",FALSE,FALSE,"$25,000,000"
Goga Bitadze,2,"$8,333,333",FALSE,FALSE,"$25,000,000"
Goga Bitadze,3,"$7,608,696",FALSE,FALSE,"$25,000,000"
Zeke Nnaji,1,"$8,888,889",FALSE,FALSE,"$24,533,334"
Zeke Nnaji,2,"$8,177,778",FALSE,FALSE,"$24,533,334"
Zeke Nnaji,3,"$7,466,667",FALSE,FALSE,"$24,533,334"
Zeke Nnaji,4,"$7,466,667",True,FALSE,"$24,533,334"
Keegan Murray,1,"$8,809,560",FALSE,True,"$19,953,653"
Keegan Murray,2,"$11,144,093",FALSE,True,"$19,953,653"
Buddy Hield,1,"$8,780,488",FALSE,FALSE,"$27,658,536"
Buddy Hield,2,"$9,219,512",FALSE,FALSE,"$27,658,536"
Buddy Hield,3,"$9,658,536",FALSE,FALSE,"$27,658,536"
Buddy Hield,4,"$10,097,560",True,FALSE,"$27,658,536"
Kyle Anderson,1,"$8,780,488",FALSE,FALSE,"$18,000,000"
Kyle Anderson,2,"$9,219,512",FALSE,FALSE,"$18,000,000"
Kyle Anderson,3,"$9,658,536",FALSE,FALSE,"$18,000,000"
Naji Marshall,1,"$8,571,429",FALSE,FALSE,"$27,000,000"
Naji Marshall,2,"$9,000,000",FALSE,FALSE,"$27,000,000"
Naji Marshall,3,"$9,428,571",FALSE,FALSE,"$27,000,000"
Jalen Smith,1,"$8,571,429",FALSE,FALSE,"$27,000,000"
Jalen Smith,2,"$9,000,000",FALSE,FALSE,"$27,000,000"
Jalen Smith,3,"$9,428,571",FALSE,FALSE,"$27,000,000"
Georges Niang,1,"$8,500,000",FALSE,FALSE,"$16,700,000"
Georges Niang,2,"$8,200,000",FALSE,FALSE,"$16,700,000"
Ausar Thompson,1,"$8,376,000",FALSE,FALSE,"$8,376,000"
Ausar Thompson,2,"$8,775,000",FALSE,True,"$8,376,000"
Ausar Thompson,3,"$11,117,925",FALSE,True,"$8,376,000"
Josh Giddey,1,"$8,352,367",FALSE,True,"$8,352,367"
Josh Okogie,1,"$8,250,000",FALSE,FALSE,"$8,250,000"
Josh Okogie,2,"$7,750,000",FALSE,FALSE,"$8,250,000"
Ron Holland,1,"$8,245,320",FALSE,FALSE,"$16,902,600"
Ron Holland,2,"$8,657,280",FALSE,FALSE,"$16,902,600"
Ron Holland,3,"$9,069,600",FALSE,True,"$16,902,600"
Ron Holland,4,"$11,491,183",FALSE,True,"$16,902,600"
Caleb Martin,1,"$8,149,001",FALSE,FALSE,"$25,669,353"
Caleb Martin,2,"$8,556,451",FALSE,FALSE,"$25,669,353"
Caleb Martin,3,"$8,963,901",FALSE,FALSE,"$25,669,353"
Caleb Martin,4,"$9,371,351",True,FALSE,"$25,669,353"
Cody Martin,1,"$8,120,000",FALSE,FALSE,"$8,120,000"
Cody Martin,2,"$8,680,000",FALSE,FALSE,"$8,120,000"
Jock Landale,1,"$8,000,000",FALSE,FALSE,"$16,000,000"
Jock Landale,2,"$8,000,000",FALSE,FALSE,"$16,000,000"
Jock Landale,3,"$8,000,000",FALSE,True,"$16,000,000"
Trey Lyles,1,"$8,000,000",FALSE,FALSE,"$8,000,000"
Kevon Looney,1,"$8,000,000",FALSE,FALSE,"$8,000,000"
Kelly Oubre Jr.,1,"$7,983,000",FALSE,FALSE,"$7,983,000"
Kelly Oubre Jr.,2,"$8,382,150",True,FALSE,"$7,983,000"
Jaden Ivey,1,"$7,977,240",FALSE,True,"$7,977,240"
Jaden Ivey,2,"$10,107,163",FALSE,True,"$7,977,240"
KJ Martin,1,"$7,975,000",FALSE,FALSE,"$7,975,000"
KJ Martin,2,"$8,025,000",FALSE,FALSE,"$7,975,000"
Paul Reed,1,"$7,723,000",FALSE,FALSE,"$7,723,000"
Paul Reed,2,"$8,109,150",FALSE,FALSE,"$7,723,000"
Vasilije Micić,1,"$7,723,000",FALSE,FALSE,"$7,723,000"
Vasilije Micić,2,"$8,109,150",FALSE,True,"$7,723,000"
Simone Fontecchio,1,"$7,692,308",FALSE,FALSE,"$16,000,000"
Simone Fontecchio,2,"$8,307,692",FALSE,FALSE,"$16,000,000"
Jonathan Kuminga,1,"$7,636,307",FALSE,True,"$7,636,307"
Anthony Black,1,"$7,607,760",FALSE,FALSE,"$15,578,040"
Anthony Black,2,"$7,970,280",FALSE,True,"$15,578,040"
Anthony Black,3,"$10,106,316",FALSE,True,"$15,578,040"
Gary Harris,1,"$7,500,000",FALSE,FALSE,"$7,500,000"
Gary Harris,2,"$7,500,000",FALSE,True,"$7,500,000"
Tidjane Salaün,1,"$7,488,720",FALSE,FALSE,"$15,351,960"
Tidjane Salaün,2,"$7,863,240",FALSE,FALSE,"$15,351,960"
Tidjane Salaün,3,"$8,237,880",FALSE,True,"$15,351,960"
Tidjane Salaün,4,"$10,445,633",FALSE,True,"$15,351,960"
Bennedict Mathurin,1,"$7,245,720",FALSE,True,"$16,433,293"
Bennedict Mathurin,2,"$9,187,573",FALSE,True,"$16,433,293"
Max Christie,1,"$7,142,857",FALSE,FALSE,"$23,142,857"
Max Christie,2,"$7,714,286",FALSE,FALSE,"$23,142,857"
Max Christie,3,"$8,285,714",FALSE,FALSE,"$23,142,857"
Max Christie,4,"$8,857,143",True,FALSE,"$23,142,857"
Jae'Sean Tate,1,"$7,065,217",FALSE,True,"$7,065,217"
Franz Wagner,1,"$7,007,092",FALSE,True,"$231,245,242"
Franz Wagner,2,"$38,661,750",FALSE,FALSE,"$231,245,242"
Franz Wagner,3,"$41,754,690",FALSE,FALSE,"$231,245,242"
Franz Wagner,4,"$44,847,630",FALSE,FALSE,"$231,245,242"
Franz Wagner,5,"$47,940,570",FALSE,FALSE,"$231,245,242"
Franz Wagner,6,"$51,033,510",FALSE,FALSE,"$231,245,242"
Ayo Dosunmu,1,"$7,000,000",FALSE,FALSE,"$14,518,518"
Ayo Dosunmu,2,"$7,518,518",FALSE,FALSE,"$14,518,518"
Bilal Coulibaly,1,"$6,945,240",FALSE,FALSE,"$6,945,240"
Bilal Coulibaly,2,"$7,275,600",FALSE,True,"$6,945,240"
Bilal Coulibaly,3,"$9,240,012",FALSE,True,"$6,945,240"
Donovan Clingan,1,"$6,836,400",FALSE,FALSE,"$14,014,800"
Donovan Clingan,2,"$7,178,400",FALSE,FALSE,"$14,014,800"
Donovan Clingan,3,"$7,519,920",FALSE,True,"$14,014,800"
Donovan Clingan,4,"$9,550,298",FALSE,True,"$14,014,800"
Nassir Little,1,"$6,750,000",FALSE,FALSE,"$21,750,000"
Nassir Little,2,"$7,250,000",FALSE,FALSE,"$21,750,000"
Nassir Little,3,"$7,750,000",FALSE,FALSE,"$21,750,000"
Payton Pritchard,1,"$6,696,429",FALSE,FALSE,"$30,000,000"
Payton Pritchard,2,"$7,232,143",FALSE,FALSE,"$30,000,000"
Payton Pritchard,3,"$7,767,857",FALSE,FALSE,"$30,000,000"
Payton Pritchard,4,"$8,303,571",FALSE,FALSE,"$30,000,000"
Kenrich Williams,1,"$6,669,000",FALSE,FALSE,"$13,832,000"
Kenrich Williams,2,"$7,163,000",FALSE,FALSE,"$13,832,000"
Kenrich Williams,3,"$7,163,000",FALSE,True,"$13,832,000"
Shaedon Sharpe,1,"$6,614,160",FALSE,True,"$15,014,143"
Shaedon Sharpe,2,"$8,399,983",FALSE,True,"$15,014,143"
Jevon Carter,1,"$6,500,000",FALSE,FALSE,"$6,500,000"
Jevon Carter,2,"$6,809,524",True,FALSE,"$6,500,000"
Davion Mitchell,1,"$6,451,077",FALSE,True,"$6,451,077"
Saddiq Bey,1,"$6,440,678",FALSE,FALSE,"$19,000,000"
Saddiq Bey,2,"$6,118,644",FALSE,FALSE,"$19,000,000"
Saddiq Bey,3,"$6,440,678",FALSE,FALSE,"$19,000,000"
Jarace Walker,1,"$6,362,520",FALSE,FALSE,"$13,028,040"
Jarace Walker,2,"$6,665,520",FALSE,True,"$13,028,040"
Jarace Walker,3,"$8,478,542",FALSE,True,"$13,028,040"
Rob Dillingham,1,"$6,262,920",FALSE,FALSE,"$12,839,040"
Rob Dillingham,2,"$6,576,120",FALSE,FALSE,"$12,839,040"
Rob Dillingham,3,"$6,889,320",FALSE,True,"$12,839,040"
Rob Dillingham,4,"$8,763,216",FALSE,True,"$12,839,040"
Dean Wade,1,"$6,166,667",FALSE,FALSE,"$6,166,667"
Dean Wade,2,"$6,623,456",FALSE,FALSE,"$6,166,667"
John Konchar,1,"$6,165,000",FALSE,FALSE,"$18,495,000"
John Konchar,2,"$6,165,000",FALSE,FALSE,"$18,495,000"
John Konchar,3,"$6,165,000",FALSE,FALSE,"$18,495,000"
Ziaire Williams,1,"$6,133,005",FALSE,True,"$6,133,005"
Dyson Daniels,1,"$6,059,520",FALSE,True,"$6,059,520"
Dyson Daniels,2,"$7,707,709",FALSE,True,"$6,059,520"
Malik Beasley,1,"$6,000,000",FALSE,FALSE,"$6,000,000"
Chris Duarte,1,"$5,893,768",FALSE,True,"$5,893,768"
Taylor Hendricks,1,"$5,848,680",FALSE,FALSE,"$11,975,760"
Taylor Hendricks,2,"$6,127,080",FALSE,True,"$11,975,760"
Taylor Hendricks,3,"$7,805,900",FALSE,True,"$11,975,760"
Moses Moody,1,"$5,803,269",FALSE,True,"$5,803,269"
Zach Edey,1,"$5,756,880",FALSE,FALSE,"$11,801,880"
Zach Edey,2,"$6,045,000",FALSE,FALSE,"$11,801,880"
Zach Edey,3,"$6,332,760",FALSE,True,"$11,801,880"
Zach Edey,4,"$8,067,937",FALSE,True,"$11,801,880"
Corey Kispert,1,"$5,705,887",FALSE,True,"$5,705,887"
Jeremy Sochan,1,"$5,570,040",FALSE,True,"$12,666,271"
Jeremy Sochan,2,"$7,096,231",FALSE,True,"$12,666,271"
Cason Wallace,1,"$5,555,880",FALSE,FALSE,"$5,555,880"
Cason Wallace,2,"$5,820,240",FALSE,True,"$5,555,880"
Cason Wallace,3,"$7,420,806",FALSE,True,"$5,555,880"
Cody Williams,1,"$5,469,120",FALSE,FALSE,"$11,211,600"
Cody Williams,2,"$5,742,480",FALSE,FALSE,"$11,211,600"
Cody Williams,3,"$6,015,600",FALSE,True,"$11,211,600"
Cody Williams,4,"$7,669,890",FALSE,True,"$11,211,600"
Alperen Sengun,1,"$5,424,654",FALSE,True,"$5,424,654"
Johnny Davis,1,"$5,291,160",FALSE,True,"$5,291,160"
Johnny Davis,2,"$6,746,229",FALSE,True,"$5,291,160"
Jett Howard,1,"$5,278,320",FALSE,FALSE,"$10,808,040"
Jett Howard,2,"$5,529,720",FALSE,True,"$10,808,040"
Jett Howard,3,"$7,337,939",FALSE,True,"$10,808,040"
Dāvis Bertāns,1,"$5,250,000",FALSE,FALSE,"$5,250,000"
Haywood Highsmith,1,"$5,200,000",FALSE,FALSE,"$10,816,000"
Haywood Highsmith,2,"$5,616,000",FALSE,FALSE,"$10,816,000"
Matas Buzelis,1,"$5,195,520",FALSE,FALSE,"$10,651,080"
Matas Buzelis,2,"$5,455,560",FALSE,FALSE,"$10,651,080"
Matas Buzelis,3,"$5,715,360",FALSE,True,"$10,651,080"
Matas Buzelis,4,"$7,584,283",FALSE,True,"$10,651,080"
Dario Šarić,1,"$5,168,000",FALSE,FALSE,"$5,168,000"
Dario Šarić,2,"$5,426,400",True,FALSE,"$5,168,000"
Trey Murphy III,1,"$5,159,854",FALSE,True,"$5,159,854"
Ousmane Dieng,1,"$5,027,040",FALSE,True,"$5,027,040"
Ousmane Dieng,2,"$6,670,882",FALSE,True,"$5,027,040"
Dereck Lively II,1,"$5,014,560",FALSE,FALSE,"$5,014,560"
Dereck Lively II,2,"$5,253,360",FALSE,True,"$5,014,560"
Dereck Lively II,3,"$7,239,131",FALSE,True,"$5,014,560"
Andre Drummond,1,"$5,000,000",FALSE,FALSE,"$5,000,000"
Andre Drummond,2,"$5,000,000",True,FALSE,"$5,000,000"
Nick Richards,1,"$5,000,000",FALSE,FALSE,"$5,000,000"
Nick Richards,2,"$5,000,000",FALSE,FALSE,"$5,000,000"
Nikola Topić,1,"$4,935,960",FALSE,FALSE,"$10,118,880"
Nikola Topić,2,"$5,182,920",FALSE,FALSE,"$10,118,880"
Nikola Topić,3,"$5,429,760",FALSE,True,"$10,118,880"
Nikola Topić,4,"$7,482,210",FALSE,True,"$10,118,880"
Tre Mann,1,"$4,908,373",FALSE,True,"$4,908,373"
Jalen Williams,1,"$4,775,760",FALSE,True,"$4,775,760"
Jalen Williams,2,"$6,580,997",FALSE,True,"$4,775,760"
Gradey Dick,1,"$4,763,760",FALSE,FALSE,"$4,763,760"
Gradey Dick,2,"$4,990,560",FALSE,True,"$4,763,760"
Gradey Dick,3,"$7,131,511",FALSE,True,"$4,763,760"
Jalen McDaniels,1,"$4,741,800",FALSE,FALSE,"$4,741,800"
Miles McBride,1,"$4,710,144",FALSE,FALSE,"$13,000,000"
Miles McBride,2,"$4,333,333",FALSE,FALSE,"$13,000,000"
Miles McBride,3,"$3,956,523",FALSE,FALSE,"$13,000,000"
Devin Carter,1,"$4,689,000",FALSE,FALSE,"$9,612,720"
Devin Carter,2,"$4,923,720",FALSE,FALSE,"$9,612,720"
Devin Carter,3,"$5,158,080",FALSE,True,"$9,612,720"
Devin Carter,4,"$7,370,897",FALSE,True,"$9,612,720"
Nicolas Batum,1,"$4,668,000",FALSE,FALSE,"$4,668,000"
Nicolas Batum,2,"$4,901,400",True,FALSE,"$4,668,000"
Aaron Holiday,1,"$4,668,000",FALSE,FALSE,"$4,668,000"
Aaron Holiday,2,"$4,901,400",FALSE,True,"$4,668,000"
Kel'el Ware,1,"$4,655,040",FALSE,FALSE,"$9,542,760"
Kel'el Ware,2,"$4,887,720",FALSE,FALSE,"$9,542,760"
Kel'el Ware,3,"$5,120,400",FALSE,True,"$9,542,760"
Kel'el Ware,4,"$7,849,573",FALSE,True,"$9,542,760"
Jalen Duren,1,"$4,536,840",FALSE,True,"$4,536,840"
Jalen Duren,2,"$6,483,144",FALSE,True,"$4,536,840"
Jordan Hawkins,1,"$4,525,680",FALSE,FALSE,"$9,267,000"
Jordan Hawkins,2,"$4,741,320",FALSE,True,"$9,267,000"
Jordan Hawkins,3,"$7,021,895",FALSE,True,"$9,267,000"
Jalen Johnson,1,"$4,510,905",FALSE,True,"$4,510,905"
Carlton Carrington,1,"$4,454,880",FALSE,FALSE,"$9,132,480"
Carlton Carrington,2,"$4,677,600",FALSE,FALSE,"$9,132,480"
Carlton Carrington,3,"$4,900,560",FALSE,True,"$9,132,480"
Carlton Carrington,4,"$7,257,730",FALSE,True,"$9,132,480"
Isaiah Jackson,1,"$4,435,381",FALSE,True,"$4,435,381"
Nickeil Alexander-Walker,1,"$4,312,500",FALSE,FALSE,"$4,312,500"
Ochai Agbaji,1,"$4,310,280",FALSE,True,"$4,310,280"
Ochai Agbaji,2,"$6,383,525",FALSE,True,"$4,310,280"
Kobe Bufkin,1,"$4,299,000",FALSE,FALSE,"$4,299,000"
Kobe Bufkin,2,"$4,503,720",FALSE,True,"$4,299,000"
Kobe Bufkin,3,"$6,904,203",FALSE,True,"$4,299,000"
Quentin Grimes,1,"$4,296,682",FALSE,True,"$4,296,682"
Bones Hyland,1,"$4,158,439",FALSE,True,"$4,158,439"
Mark Williams,1,"$4,094,280",FALSE,True,"$4,094,280"
Mark Williams,2,"$6,276,531",FALSE,True,"$4,094,280"
Keyonte George,1,"$4,084,200",FALSE,FALSE,"$8,363,160"
Keyonte George,2,"$4,278,960",FALSE,True,"$8,363,160"
Keyonte George,3,"$6,563,925",FALSE,True,"$8,363,160"
Cam Thomas,1,"$4,041,249",FALSE,True,
Russell Westbrook,1,"$4,027,525",True,FALSE,"$4,027,525"
Jared McCain,1,"$4,020,360",FALSE,FALSE,"$8,241,720"
Jared McCain,2,"$4,221,360",FALSE,FALSE,"$8,241,720"
Jared McCain,3,"$4,422,600",FALSE,True,"$8,241,720"
Jared McCain,4,"$6,784,268",FALSE,True,"$8,241,720"
Jaden Springer,1,"$4,018,363",FALSE,True,"$4,018,363"
Dwight Powell,1,"$4,000,000",FALSE,FALSE,"$4,000,000"
Dwight Powell,2,"$4,000,000",True,FALSE,"$4,000,000"
Day'Ron Sharpe,1,"$3,989,122",FALSE,True,
Santi Aldama,1,"$3,960,531",FALSE,True,"$3,960,531"
Amir Coffey,1,"$3,938,271",FALSE,FALSE,"$3,938,271"
AJ Griffin,1,"$3,889,920",FALSE,True,"$3,889,920"
AJ Griffin,2,"$5,967,137",FALSE,True,"$3,889,920"
Jalen Hood-Schifino,1,"$3,879,840",FALSE,FALSE,"$3,879,840"
Jalen Hood-Schifino,2,"$4,064,640",FALSE,True,"$3,879,840"
Jalen Hood-Schifino,3,"$6,243,288",FALSE,True,"$3,879,840"
Kevin Love,1,"$3,850,000",FALSE,FALSE,"$8,000,000"
Kevin Love,2,"$4,150,000",FALSE,FALSE,"$8,000,000"
Dalton Knecht,1,"$3,819,120",FALSE,FALSE,"$7,829,280"
Dalton Knecht,2,"$4,010,160",FALSE,FALSE,"$7,829,280"
Dalton Knecht,3,"$4,201,080",FALSE,True,"$7,829,280"
Dalton Knecht,4,"$6,452,860",FALSE,True,"$7,829,280"
Tari Eason,1,"$3,695,160",FALSE,True,"$3,695,160"
Tari Eason,2,"$5,675,766",FALSE,True,"$3,695,160"
Jaime Jaquez Jr.,1,"$3,685,800",FALSE,FALSE,"$7,547,400"
Jaime Jaquez Jr.,2,"$3,861,600",FALSE,True,"$7,547,400"
Jaime Jaquez Jr.,3,"$5,939,141",FALSE,True,"$7,547,400"
Tristan Da Silva,1,"$3,628,440",FALSE,FALSE,"$7,437,960"
Tristan Da Silva,2,"$3,809,520",FALSE,FALSE,"$7,437,960"
Tristan Da Silva,3,"$3,991,200",FALSE,True,"$7,437,960"
Tristan Da Silva,4,"$6,138,466",FALSE,True,"$7,437,960"
Brandin Podziemski,1,"$3,519,960",FALSE,FALSE,"$3,519,960"
Brandin Podziemski,2,"$3,687,960",FALSE,True,"$3,519,960"
Brandin Podziemski,3,"$5,679,459",FALSE,True,"$3,519,960"
Dalen Terry,1,"$3,510,480",FALSE,True,"$8,909,598"
Dalen Terry,2,"$5,399,118",FALSE,True,"$8,909,598"
Cody Zeller,1,"$3,500,000",FALSE,FALSE,"$3,500,000"
Cody Zeller,2,"$3,675,000",FALSE,FALSE,"$3,500,000"
Cody Zeller,3,"$3,850,000",FALSE,FALSE,"$3,500,000"
Ja'Kobe Walter,1,"$3,465,000",FALSE,FALSE,"$7,103,160"
Ja'Kobe Walter,2,"$3,638,160",FALSE,FALSE,"$7,103,160"
Ja'Kobe Walter,3,"$3,811,800",FALSE,True,"$7,103,160"
Ja'Kobe Walter,4,"$5,870,172",FALSE,True,"$7,103,160"
Cam Whitmore,1,"$3,379,080",FALSE,FALSE,"$3,379,080"
Cam Whitmore,2,"$3,539,760",FALSE,True,"$3,379,080"
Cam Whitmore,3,"$5,458,310",FALSE,True,"$3,379,080"
Derrick Rose,1,"$3,356,271",FALSE,FALSE,"$3,356,271"
Jake LaRavia,1,"$3,352,680",FALSE,True,"$3,352,680"
Jake LaRavia,2,"$5,163,127",FALSE,True,"$3,352,680"
Jaylon Tyson,1,"$3,326,160",FALSE,FALSE,"$6,818,640"
Jaylon Tyson,2,"$3,492,480",FALSE,FALSE,"$6,818,640"
Jaylon Tyson,3,"$3,658,560",FALSE,True,"$6,818,640"
Jaylon Tyson,4,"$5,641,500",FALSE,True,"$6,818,640"
Eric Gordon,1,"$3,303,771",FALSE,FALSE,"$3,303,771"
Eric Gordon,2,"$3,468,960",True,FALSE,"$3,303,771"
Cory Joseph,1,"$3,303,771",FALSE,FALSE,"$3,303,771"
Cory Joseph,2,"$3,468,960",FALSE,True,"$3,303,771"
Noah Clowney,1,"$3,244,080",FALSE,FALSE,"$3,244,080"
Noah Clowney,2,"$3,398,640",FALSE,True,"$3,244,080"
Noah Clowney,3,"$5,414,034",FALSE,True,"$3,244,080"
Malaki Branham,1,"$3,217,920",FALSE,True,"$8,179,953"
Malaki Branham,2,"$4,962,033",FALSE,True,"$8,179,953"
Yves Missi,1,"$3,193,200",FALSE,FALSE,"$6,546,240"
Yves Missi,2,"$3,353,040",FALSE,FALSE,"$6,546,240"
Yves Missi,3,"$3,512,760",FALSE,True,"$6,546,240"
Yves Missi,4,"$5,595,827",FALSE,True,"$6,546,240"
Dante Exum,1,"$3,150,000",FALSE,FALSE,
Dariq Whitehead,1,"$3,114,240",FALSE,FALSE,"$3,114,240"
Dariq Whitehead,2,"$3,262,560",FALSE,True,"$3,114,240"
Dariq Whitehead,3,"$5,366,912",FALSE,True,"$3,114,240"
Christian Braun,1,"$3,089,640",FALSE,True,"$8,011,437"
Christian Braun,2,"$4,921,797",FALSE,True,"$8,011,437"
DaRon Holmes,1,"$3,065,640",FALSE,FALSE,"$6,284,400"
DaRon Holmes,2,"$3,218,760",FALSE,FALSE,"$6,284,400"
DaRon Holmes,3,"$3,372,120",FALSE,True,"$6,284,400"
DaRon Holmes,4,"$5,547,138",FALSE,True,"$6,284,400"
Josh Richardson,1,"$3,051,153",True,FALSE,"$3,051,153"
Christian Wood,1,"$3,036,040",True,FALSE,"$3,036,040"
Julian Champagnie,1,"$3,000,000",FALSE,FALSE,
Julian Champagnie,2,"$3,000,000",FALSE,FALSE,
Julian Champagnie,3,"$3,000,000",FALSE,True,
Kris Murray,1,"$2,990,040",FALSE,FALSE,"$6,122,040"
Kris Murray,2,"$3,132,000",FALSE,True,"$6,122,040"
Kris Murray,3,"$5,315,004",FALSE,True,"$6,122,040"
Walker Kessler,1,"$2,965,920",FALSE,True,"$7,844,858"
Walker Kessler,2,"$4,878,938",FALSE,True,"$7,844,858"
Shake Milton,1,"$2,875,000",FALSE,FALSE,"$9,162,406"
Shake Milton,2,"$3,000,000",FALSE,FALSE,"$9,162,406"
Shake Milton,3,"$3,287,406",FALSE,FALSE,"$9,162,406"
Olivier-Maxence Prosper,1,"$2,870,400",FALSE,FALSE,"$2,870,400"
Olivier-Maxence Prosper,2,"$3,007,080",FALSE,True,"$2,870,400"
Olivier-Maxence Prosper,3,"$5,259,383",FALSE,True,"$2,870,400"
David Roddy,1,"$2,847,240",FALSE,True,"$2,847,240"
David Roddy,2,"$4,831,766",FALSE,True,"$2,847,240"
Torrey Craig,1,"$2,845,342",True,FALSE,"$2,845,342"
Kyshawn George,1,"$2,825,520",FALSE,FALSE,"$5,792,280"
Kyshawn George,2,"$2,966,760",FALSE,FALSE,"$5,792,280"
Kyshawn George,3,"$3,108,000",FALSE,True,"$5,792,280"
Kyshawn George,4,"$5,435,892",FALSE,True,"$5,792,280"
AJ Johnson,1,"$2,795,294",FALSE,FALSE,"$5,885,774"
AJ Johnson,2,"$3,090,480",FALSE,FALSE,"$5,885,774"
AJ Johnson,3,"$3,237,120",FALSE,True,"$5,885,774"
AJ Johnson,4,"$5,493,394",FALSE,True,"$5,885,774"
Marcus Sasser,1,"$2,755,080",FALSE,FALSE,"$2,755,080"
Marcus Sasser,2,"$2,886,720",FALSE,True,"$2,755,080"
Marcus Sasser,3,"$5,198,983",FALSE,True,"$2,755,080"
Dewayne Dedmon,1,"$2,748,674",FALSE,FALSE,"$2,748,674"
MarJon Beauchamp,1,"$2,733,720",FALSE,True,"$2,733,720"
MarJon Beauchamp,2,"$4,781,276",FALSE,True,"$2,733,720"
Trendon Watford,1,"$2,726,603",FALSE,FALSE,"$2,726,603"
Ben Sheppard,1,"$2,663,880",FALSE,FALSE,"$5,454,600"
Ben Sheppard,2,"$2,790,720",FALSE,True,"$5,454,600"
Ben Sheppard,3,"$5,031,669",FALSE,True,"$5,454,600"
Keita Bates-Diop,1,"$2,654,644",True,FALSE,"$2,654,644"
Yuta Watanabe,1,"$2,654,644",True,FALSE,
Blake Wesley,1,"$2,624,280",FALSE,True,"$7,350,608"
Blake Wesley,2,"$4,726,328",FALSE,True,"$7,350,608"
Dillon Jones,1,"$2,622,360",FALSE,FALSE,"$5,375,640"
Dillon Jones,2,"$2,753,280",FALSE,FALSE,"$5,375,640"
Dillon Jones,3,"$2,884,440",FALSE,True,"$5,375,640"
Dillon Jones,4,"$5,200,646",FALSE,True,"$5,375,640"
Nick Smith Jr.,1,"$2,587,200",FALSE,FALSE,"$2,587,200"
Nick Smith Jr.,2,"$2,710,680",FALSE,True,"$2,587,200"
Nick Smith Jr.,3,"$4,890,067",FALSE,True,"$2,587,200"
Brice Sensabaugh,1,"$2,571,480",FALSE,FALSE,"$5,265,240"
Brice Sensabaugh,2,"$2,693,760",FALSE,True,"$5,265,240"
Brice Sensabaugh,3,"$4,862,237",FALSE,True,"$5,265,240"
Ty Jerome,1,"$2,560,975",FALSE,FALSE,"$2,560,975"
Julian Strawther,1,"$2,552,520",FALSE,FALSE,"$5,226,720"
Julian Strawther,2,"$2,674,200",FALSE,True,"$5,226,720"
Julian Strawther,3,"$4,826,931",FALSE,True,"$5,226,720"
Terrence Shannon Jr.,1,"$2,546,640",FALSE,FALSE,"$5,220,720"
Terrence Shannon Jr.,2,"$2,674,080",FALSE,FALSE,"$5,220,720"
Terrence Shannon Jr.,3,"$2,801,640",FALSE,True,"$5,220,720"
Terrence Shannon Jr.,4,"$5,054,159",FALSE,True,"$5,220,720"
Wendell Moore Jr.,1,"$2,537,040",FALSE,True,"$2,537,040"
Wendell Moore Jr.,2,"$4,574,283",FALSE,True,"$2,537,040"
Kobe Brown,1,"$2,533,920",FALSE,FALSE,"$2,533,920"
Kobe Brown,2,"$2,654,880",FALSE,True,"$2,533,920"
Kobe Brown,3,"$4,792,059",FALSE,True,"$2,533,920"
Ryan Dunn,1,"$2,530,800",FALSE,FALSE,"$5,188,560"
Ryan Dunn,2,"$2,657,760",FALSE,FALSE,"$5,188,560"
Ryan Dunn,3,"$2,784,240",FALSE,True,"$5,188,560"
Ryan Dunn,4,"$5,025,553",FALSE,True,"$5,188,560"
Isaiah Collier,1,"$2,512,680",FALSE,FALSE,"$5,150,880"
Isaiah Collier,2,"$2,638,200",FALSE,FALSE,"$5,150,880"
Isaiah Collier,3,"$2,763,960",FALSE,True,"$5,150,880"
Isaiah Collier,4,"$4,988,948",FALSE,True,"$5,150,880"
Baylor Scheierman,1,"$2,494,320",FALSE,FALSE,"$10,191,353"
Baylor Scheierman,2,"$2,619,000",FALSE,FALSE,"$10,191,353"
Baylor Scheierman,3,"$2,744,040",FALSE,True,"$10,191,353"
Baylor Scheierman,4,"$4,952,993",FALSE,True,"$10,191,353"
Nikola Jović,1,"$2,464,200",FALSE,True,"$6,909,617"
Nikola Jović,2,"$4,445,417",FALSE,True,"$6,909,617"
Jaxson Hayes,1,"$2,463,946",True,FALSE,"$2,463,946"
Cam Reddish,1,"$2,463,946",True,FALSE,"$2,463,946"
Oshae Brissett,1,"$2,463,946",True,FALSE,
Patrick Baldwin Jr.,1,"$2,448,840",FALSE,True,"$2,448,840"
Patrick Baldwin Jr.,2,"$4,420,156",FALSE,True,"$2,448,840"
Peyton Watson,1,"$2,413,560",FALSE,True,"$6,770,036"
Peyton Watson,2,"$4,356,476",FALSE,True,"$6,770,036"
Mamadi Diakite,1,"$2,273,252",FALSE,FALSE,"$2,273,252"
Charlie Brown Jr.,1,"$2,237,692",FALSE,FALSE,"$2,237,692"
Xavier Tillman Sr.,1,"$2,237,691",FALSE,FALSE,"$4,784,366"
Xavier Tillman Sr.,2,"$2,546,675",FALSE,FALSE,"$4,784,366"
Kevin Porter Jr.,1,"$3,237,691",FALSE,FALSE,"$2,237,691"
Kevin Porter Jr.,2,"$2,546,675",True,FALSE,"$2,237,691"
James Wiseman,1,"$2,237,691",FALSE,FALSE,"$2,237,691"
James Wiseman,2,"$2,546,675",FALSE,True,"$2,237,691"
Garrison Mathews,1,"$2,230,253",FALSE,True,"$2,230,253"
JaVale McGee,1,"$2,208,856",FALSE,FALSE,"$8,835,424"
JaVale McGee,2,"$2,208,856",FALSE,FALSE,"$8,835,424"
JaVale McGee,3,"$2,208,856",FALSE,FALSE,"$8,835,424"
JaVale McGee,4,"$2,208,856",FALSE,FALSE,"$8,835,424"
Jeremiah Robinson-Earl,1,"$2,196,970",FALSE,True,"$2,196,970"
Lindy Waters III,1,"$2,196,970",FALSE,True,"$2,196,970"
Dalano Banton,1,"$2,196,970",FALSE,True,"$2,019,706"
Joshua Primo,1,"$2,196,970",FALSE,FALSE,
Sam Merrill,1,"$2,164,993",FALSE,FALSE,"$2,164,993"
Duane Washington Jr.,1,"$2,162,607",FALSE,FALSE,"$2,162,607"
Luka Garza,1,"$2,162,606",FALSE,FALSE,"$2,162,606"
Luka Garza,2,"$2,349,578",FALSE,True,"$2,162,606"
Neemias Queta,1,"$2,162,606",FALSE,FALSE,"$2,162,606"
Neemias Queta,2,"$2,349,578",FALSE,FALSE,"$2,162,606"
Neemias Queta,3,"$2,667,944",FALSE,True,"$2,162,606"
Vit Krejci,1,"$2,162,606",FALSE,FALSE,"$2,162,606"
Vit Krejci,2,"$2,349,578",FALSE,FALSE,"$2,162,606"
Vit Krejci,3,"$2,667,944",FALSE,FALSE,"$2,162,606"
Vit Krejci,4,"$3,005,085",FALSE,True,"$2,162,606"
A.J. Lawson,1,"$2,120,693",FALSE,FALSE,"$6,912,032"
A.J. Lawson,2,"$2,301,587",FALSE,FALSE,"$6,912,032"
A.J. Lawson,3,"$2,489,752",FALSE,FALSE,"$6,912,032"
Vince Williams Jr.,1,"$2,120,693",FALSE,FALSE,"$4,422,280"
Vince Williams Jr.,2,"$2,301,587",FALSE,FALSE,"$4,422,280"
Vince Williams Jr.,3,"$2,489,752",FALSE,True,"$4,422,280"
Colby Jones,1,"$2,120,693",FALSE,FALSE,"$2,120,693"
Colby Jones,2,"$2,221,677",FALSE,FALSE,"$2,120,693"
Colby Jones,3,"$2,406,205",FALSE,True,"$2,120,693"
E.J. Liddell,1,"$2,120,693",FALSE,FALSE,"$2,120,693"
Keon Ellis,1,"$2,120,693",FALSE,FALSE,
Keon Ellis,2,"$2,301,587",FALSE,True,
A.J. Green,1,"$2,120,693",FALSE,FALSE,
A.J. Green,2,"$2,301,587",FALSE,FALSE,
Sam Hauser,1,"$2,092,344",FALSE,True,"$47,092,344"
Sam Hauser,2,"$10,044,644",FALSE,FALSE,"$47,092,344"
Sam Hauser,3,"$10,848,215",FALSE,FALSE,"$47,092,344"
Sam Hauser,4,"$11,651,785",FALSE,FALSE,"$47,092,344"
Sam Hauser,5,"$12,455,356",FALSE,FALSE,"$47,092,344"
Jericho Sims,1,"$2,092,344",FALSE,True,"$2,092,344"
Garrett Temple,1,"$2,087,519",FALSE,FALSE,"$2,087,519"
Charles Bassey,1,"$2,087,519",FALSE,FALSE,"$2,087,519"
Alex Len,1,"$2,087,519",FALSE,FALSE,"$2,087,519"
Jordan McLaughlin,1,"$2,087,519",FALSE,FALSE,"$2,087,519"
Monte Morris,1,"$2,087,519",FALSE,FALSE,"$2,087,519"
Mason Plumlee,1,"$2,087,519",FALSE,FALSE,"$2,087,519"
Damion Lee,1,"$2,087,519",FALSE,FALSE,"$2,087,519"
Kyle Lowry,1,"$2,087,519",FALSE,FALSE,"$2,087,519"
Cameron Payne,1,"$2,087,519",FALSE,FALSE,"$2,087,519"
Daniel Theis,1,"$2,087,519",FALSE,FALSE,"$2,087,519"
Joe Ingles,1,"$2,087,519",FALSE,FALSE,"$2,087,519"
Taurean Prince,1,"$2,087,519",FALSE,FALSE,"$2,087,519"
Delon Wright,1,"$2,087,519",FALSE,FALSE,"$2,087,519"
Thomas Bryant,1,"$2,087,519",FALSE,FALSE,"$2,087,519"
Alec Burks,1,"$2,087,519",FALSE,FALSE,"$2,087,519"
Mo Bamba,1,"$2,087,519",FALSE,FALSE,"$2,087,519"
Vlatko Čančar,1,"$2,087,519",FALSE,FALSE,"$2,087,519"
Reggie Jackson,1,"$2,087,519",True,FALSE,"$2,087,519"
Taj Gibson,1,"$2,087,519",FALSE,FALSE,"$2,087,519"
Seth Curry,1,"$2,087,519",FALSE,FALSE,"$2,087,519"
Luke Kornet,1,"$2,087,519",FALSE,FALSE,"$2,087,519"
PJ Dozier,1,"$2,087,519",FALSE,FALSE,
Duop Reath,1,"$2,048,780",FALSE,FALSE,"$2,048,780"
Duop Reath,2,"$2,221,677",FALSE,FALSE,"$2,048,780"
Andrew Nembhard,1,"$2,019,699",FALSE,FALSE,"$60,670,179"
Andrew Nembhard,2,"$18,102,000",FALSE,FALSE,"$60,670,179"
Andrew Nembhard,3,"$19,550,160",FALSE,FALSE,"$60,670,179"
Andrew Nembhard,4,"$20,998,320",FALSE,FALSE,"$60,670,179"
Kennedy Chandler,1,"$2,019,699",FALSE,FALSE,"$2,019,699"
Jaden Hardy,1,"$2,019,699",FALSE,FALSE,"$400,000"
Jabari Walker,1,"$2,019,699",FALSE,FALSE,
Caleb Houstan,1,"$2,019,699",FALSE,FALSE,
Caleb Houstan,2,"$2,187,699",FALSE,True,
Jaylin Williams,1,"$2,019,699",FALSE,FALSE,
Jaylin Williams,2,"$2,187,451",FALSE,FALSE,
Josh Minott,1,"$2,019,699",FALSE,FALSE,
Josh Minott,2,"$2,187,451",FALSE,True,
Jose Alvarado,1,"$1,988,598",FALSE,True,"$1,988,598"
Sidy Cissoko,1,"$1,891,857",FALSE,FALSE,"$4,113,534"
Sidy Cissoko,2,"$2,221,677",FALSE,FALSE,"$4,113,534"
Ricky Council IV,1,"$1,891,857",FALSE,FALSE,"$4,113,534"
Ricky Council IV,2,"$2,221,677",FALSE,FALSE,"$4,113,534"
Ricky Council IV,3,"$2,406,205",FALSE,True,"$4,113,534"
GG Jackson II,1,"$1,891,857",FALSE,FALSE,"$4,113,534"
GG Jackson II,2,"$2,221,677",FALSE,FALSE,"$4,113,534"
GG Jackson II,3,"$2,406,205",FALSE,True,"$4,113,534"
Jalen Pickett,1,"$1,891,857",FALSE,FALSE,"$4,113,534"
Jalen Pickett,2,"$2,221,677",FALSE,FALSE,"$4,113,534"
Jalen Pickett,3,"$2,406,205",FALSE,True,"$4,113,534"
Hunter Tyson,1,"$1,891,857",FALSE,FALSE,"$4,113,534"
Hunter Tyson,2,"$2,221,677",FALSE,FALSE,"$4,113,534"
Hunter Tyson,3,"$2,406,205",FALSE,True,"$4,113,534"
Julian Phillips,1,"$1,891,857",FALSE,FALSE,"$4,113,534"
Julian Phillips,2,"$2,221,677",FALSE,FALSE,"$4,113,534"
Julian Phillips,3,"$2,406,205",FALSE,True,"$4,113,534"
Jordan Walsh,1,"$1,891,857",FALSE,FALSE,"$2,091,857"
Jordan Walsh,2,"$2,221,677",FALSE,FALSE,"$2,091,857"
Jordan Walsh,3,"$2,406,205",FALSE,True,"$2,091,857"
Rayan Rupert,1,"$1,891,857",FALSE,FALSE,"$1,891,857"
Rayan Rupert,2,"$2,221,677",FALSE,True,"$1,891,857"
Leonard Miller,1,"$1,891,857",FALSE,FALSE,"$1,891,857"
Leonard Miller,2,"$2,221,677",FALSE,FALSE,"$1,891,857"
Leonard Miller,3,"$2,406,205",FALSE,True,"$1,891,857"
Chris Livingston,1,"$1,891,857",FALSE,FALSE,"$1,891,857"
Chris Livingston,2,"$2,221,677",FALSE,FALSE,"$1,891,857"
Chris Livingston,3,"$2,406,205",FALSE,True,"$1,891,857"
Maxwell Lewis,1,"$1,891,857",FALSE,FALSE,"$1,891,857"
Maxwell Lewis,2,"$2,221,677",FALSE,FALSE,"$1,891,857"
Maxwell Lewis,3,"$2,406,205",FALSE,True,"$1,891,857"
Trayce Jackson-Davis,1,"$1,891,857",FALSE,FALSE,"$1,891,857"
Trayce Jackson-Davis,2,"$2,221,677",FALSE,FALSE,"$1,891,857"
Trayce Jackson-Davis,3,"$2,406,205",FALSE,True,"$1,891,857"
Mouhamed Gueye,1,"$1,891,857",FALSE,FALSE,"$1,891,857"
Mouhamed Gueye,2,"$2,221,677",FALSE,FALSE,"$1,891,857"
Mouhamed Gueye,3,"$2,406,205",FALSE,True,"$1,891,857"
Toumani Camara,1,"$1,891,857",FALSE,FALSE,
Toumani Camara,2,"$2,221,677",FALSE,FALSE,
Toumani Camara,3,"$2,406,205",FALSE,True,
Andre Jackson Jr.,1,"$1,891,857",FALSE,FALSE,
Andre Jackson Jr.,2,"$2,221,677",FALSE,FALSE,
Andre Jackson Jr.,3,"$2,406,205",FALSE,True,
Gui Santos,1,"$1,891,857",FALSE,FALSE,
Gui Santos,2,"$2,221,677",FALSE,True,
Craig Porter Jr.,1,"$1,891,857",FALSE,FALSE,
Craig Porter Jr.,2,"$2,221,677",FALSE,FALSE,
Craig Porter Jr.,3,"$2,406,205",FALSE,True,
Jalen Wilson,1,"$1,891,857",FALSE,FALSE,
Jalen Wilson,2,"$2,221,677",FALSE,True,
Pacome Dadiet,1,"$1,808,080",FALSE,FALSE,"$4,655,680"
Pacome Dadiet,2,"$2,847,600",FALSE,FALSE,"$4,655,680"
Pacome Dadiet,3,"$2,983,680",FALSE,True,"$4,655,680"
Pacome Dadiet,4,"$5,373,608",FALSE,True,"$4,655,680"
Ricky Rubio,1,"$1,301,031",FALSE,FALSE,"$1,301,031"
Eric Bledsoe,1,"$1,300,000",FALSE,FALSE,"$1,300,000"
Tyler Smith,1,"$1,157,153",FALSE,FALSE,"$5,408,801"
Tyler Smith,2,"$1,955,377",FALSE,FALSE,"$5,408,801"
Tyler Smith,3,"$2,296,271",FALSE,FALSE,"$5,408,801"
Tyler Smith,4,"$2,486,995",FALSE,True,"$5,408,801"
Kevin Porter Jr.,1,"$3,237,691",FALSE,FALSE,"$1,000,000"
Kevin Porter Jr.,2,"$2,546,675",True,FALSE,"$1,000,000"
Nik Stauskas,1,"$702,310",FALSE,FALSE,"$702,310"
Ryan Rollins,1,"$600,000",FALSE,FALSE,"$600,000"
Juwan Morgan,1,"$576,229",FALSE,FALSE,"$576,229"
Malik Fitts,1,"$555,216",FALSE,FALSE,"$555,216"
Jordan Goodwin,1,"$325,590",FALSE,True,"$325,590"
Didi Louzada,1,"$268,032",FALSE,FALSE,"$1,340,160"
Didi Louzada,2,"$268,032",FALSE,FALSE,"$1,340,160"
Didi Louzada,3,"$268,032",FALSE,FALSE,"$1,340,160"
Didi Louzada,4,"$268,032",FALSE,FALSE,"$1,340,160"
Didi Louzada,5,"$268,032",FALSE,FALSE,"$1,340,160"
Javon Freeman-Liberty,1,"$100,000",FALSE,FALSE,"$100,000"
